Continent,Week,Year_Week,Mean_cases_Week,Stddev_Cases_Week,Min_Cases_Week,Max_Cases_Week
Africa,4,2020,0.0,0.0,0,0
Africa,5,2020,0.0,0.0,0,0
Africa,6,2020,0.0,0.0,0,0
Africa,7,2020,0.0,0.0,0,0
Africa,8,2020,0.0,0.0,0,0
Africa,9,2020,0.0,0.0,0,0
Africa,10,2020,0.2857,0.488,0,1
Africa,11,2020,3.2857,4.4987,0,13
Africa,12,2020,18.7143,14.127,4,36
Africa,13,2020,64.0,24.7588,31,103
Africa,14,2020,75.0,27.074,43,125
Africa,15,2020,44.7143,24.7838,24,91
Africa,16,2020,30.7143,15.9657,6,51
Africa,17,2020,13.2857,8.674,5,27
Africa,18,2020,11.5714,7.2309,4,22
Africa,19,2020,4.5714,1.1339,3,6
Africa,20,2020,2.5714,1.9024,1,6
Africa,21,2020,6.4286,3.7796,1,11
Africa,22,2020,24.2857,27.3235,3,77
Africa,23,2020,18.5714,11.2673,3,37
Africa,24,2020,20.7143,9.358,8,35
Africa,25,2020,29.5714,21.4465,11,71
Africa,26,2020,16.0,10.0499,2,32
Africa,27,2020,54.1429,31.7408,17,94
Africa,28,2020,73.2857,39.7019,13,126
Africa,29,2020,128.0,130.0256,38,408
Africa,30,2020,167.5714,71.5119,87,293
Africa,31,2020,235.1429,138.7221,101,511
Africa,32,2020,126.2857,53.1436,18,167
Africa,33,2020,228.8571,102.6782,103,384
Africa,34,2020,261.1429,62.0576,209,378
Africa,35,2020,299.8571,105.7724,196,504
Africa,36,2020,392.5714,131.6775,257,675
Africa,37,2020,445.8571,253.6937,100,723
Africa,38,2020,709.1429,500.436,110,1633
Africa,39,2020,908.0,669.5023,16,1731
Africa,40,2020,993.4286,546.486,12,1501
Africa,41,2020,1545.5714,1620.9083,19,4376
Africa,42,2020,1491.7143,2059.3088,24,5763
Africa,43,2020,1352.5714,910.0318,7,2709
Africa,44,2020,1949.8571,1616.3119,16,4199
Africa,45,2020,1710.4286,1109.067,255,3238
Africa,46,2020,1515.0,422.905,800,2003
Africa,47,2020,1530.2857,793.4834,557,2771
Africa,48,2020,1321.8571,161.0708,1108,1549
Africa,49,2020,1454.5714,927.0043,179,2841
Africa,50,2020,1288.5714,220.4426,984,1527
Africa,51,2020,1611.1429,540.8054,484,2234
Africa,52,2020,1839.4286,256.3668,1476,2330
Africa,53,2020,2149.7143,622.0425,1683,3425
Africa,1,2021,3344.4286,569.2852,2379,3917
Africa,2,2021,4008.4286,796.2259,2975,4958
Africa,3,2021,3422.2857,835.7694,2372,4623
Africa,4,2021,2218.0,530.3697,1532,3066
Africa,5,2021,1726.0,640.8357,975,2765
Africa,6,2021,1233.1429,359.1715,808,1740
Africa,7,2021,1143.2857,571.6796,747,2396
Africa,8,2021,1130.8571,695.2916,665,2393
Africa,9,2021,1246.0,809.3448,595,2783
Africa,10,2021,1060.4286,709.2999,590,2507
Africa,11,2021,914.1429,450.7155,304,1627
Africa,12,2021,1282.4286,638.6937,617,2302
Africa,13,2021,1894.1429,626.7927,1032,2915
Africa,14,2021,2137.7143,604.1991,1579,3073
Africa,15,2021,2348.1429,569.1682,1571,3333
Africa,16,2021,2555.4286,708.3125,1792,3626
Africa,17,2021,1964.0,902.8006,1065,3802
Africa,18,2021,1680.8571,496.8398,1231,2548
Africa,19,2021,1196.2857,621.2607,571,2316
Africa,20,2021,1687.8571,632.3199,1078,2592
Africa,21,2021,1880.2857,629.5061,1125,2814
Africa,22,2021,2139.1429,642.4369,1503,3161
Africa,23,2021,2660.0,785.4754,1526,3822
Africa,24,2021,2985.5714,899.9605,1926,4540
Africa,25,2021,4877.5714,1205.8951,2884,6470
Africa,26,2021,7111.7143,1605.8254,4944,9911
Africa,27,2021,10375.2857,1964.5319,7504,12118
Africa,28,2021,11010.4286,3190.4964,6441,16389
Africa,29,2021,7338.4286,2897.5978,2472,10426
Africa,30,2021,7147.0,2767.6347,3434,10678
Africa,31,2021,5943.2857,3091.4064,3354,11261
Africa,32,2021,5110.0,4099.4145,504,11801
Africa,33,2021,4856.0,1597.7316,3361,7527
Africa,34,2021,4731.1429,1993.6273,1839,6905
Africa,35,2021,3371.4286,1406.0123,1954,5443
Africa,36,2021,2656.7143,1230.3877,1285,4199
Africa,37,2021,3896.2857,4266.2673,903,11510
Africa,38,2021,1775.8571,1316.8019,105,3650
Africa,39,2021,1107.2857,1004.5499,35,2477
Africa,40,2021,710.4286,742.6823,159,2360
Africa,41,2021,500.1429,280.7041,168,924
Africa,42,2021,724.0,786.5946,188,2242
Africa,43,2021,1278.1429,278.693,916,1789
Africa,44,2021,2122.4286,2163.7051,250,6867
Africa,45,2021,2292.0,1060.044,1449,4601
Africa,46,2021,1759.1429,656.5388,1248,3078
Africa,47,2021,1098.0,1060.147,316,3193
Africa,48,2021,1363.7143,733.878,546,2802
Africa,49,2021,5609.5714,3362.815,241,9418
Africa,50,2021,5163.2857,4160.5633,57,10176
Africa,51,2021,4177.2857,4254.2283,605,11117
Africa,52,2021,4608.7143,3585.1332,477,11844
Africa,1,2022,6212.0,4291.2896,2668,13141
Africa,2,2022,9386.4286,7599.6712,443,24112
Africa,3,2022,15201.4286,16206.6452,75,48955
Africa,4,2022,20550.0,19067.9187,1085,57524
Africa,5,2022,14935.2857,14523.4256,5678,46828
Africa,6,2022,10446.7143,11921.3001,4149,37231
Africa,7,2022,9272.4286,8984.1203,3079,28887
Africa,8,2022,6581.2857,5375.2958,2921,18465
Africa,9,2022,3569.7143,4185.3691,190,12679
Africa,10,2022,6707.4286,7474.3542,957,19742
Africa,11,2022,3168.7143,4829.904,0,11558
Africa,12,2022,3639.0,4852.7003,0,11878
Africa,13,2022,8619.0,17865.6813,44,47859
Africa,14,2022,2488.5714,6451.4714,0,17119
Africa,15,2022,2548.0,4604.7515,0,12570
Africa,16,2022,2439.2857,5139.4114,0,13955
Africa,17,2022,2008.8571,4831.4314,33,12951
Africa,18,2022,2087.2857,3997.2924,0,10986
Africa,19,2022,1467.5714,3166.6854,0,8580
Africa,20,2022,1232.8571,2136.4632,0,5990
Africa,21,2022,1071.4286,1638.1589,0,4564
Africa,22,2022,754.4286,1176.8353,0,3212
Africa,23,2022,799.1429,1196.1012,0,3039
Africa,24,2022,1053.4286,2226.7568,0,6080
Africa,25,2022,1493.5714,2422.5535,0,6651
Africa,26,2022,1858.0,2122.7747,0,5614
Africa,27,2022,2650.5714,5355.7918,15,14555
Africa,28,2022,3397.1429,7768.8975,0,20931
Africa,29,2022,5002.7143,10242.8928,0,27444
Africa,30,2022,4088.8571,5813.5315,0,14337
Africa,31,2022,2283.2857,2930.1133,0,6098
Africa,32,2022,1942.5714,3479.5809,0,8834
Africa,33,2022,1916.5714,2944.1349,8,8050
Africa,34,2022,1027.7143,2250.7346,0,6092
Africa,35,2022,1403.5714,2666.6289,5,7020
Africa,36,2022,426.4286,732.1994,0,1855
Africa,37,2022,1505.7143,2279.6978,0,6108
Africa,38,2022,264.4286,487.9962,0,1355
Africa,39,2022,431.8571,575.6183,0,1295
Africa,40,2022,94.0,131.7485,0,356
Africa,41,2022,126.1429,228.5676,0,638
Africa,42,2022,199.0,349.5497,0,939
Africa,43,2022,164.1429,264.2678,0,685
Africa,44,2022,237.7143,328.5294,0,836
Africa,45,2022,457.8571,774.1939,0,1908
Africa,46,2022,168.7143,258.1548,0,575
Africa,47,2022,523.1429,1301.4104,0,3470
Africa,48,2022,1191.4286,2230.6808,0,6120
Africa,49,2022,1209.2857,2529.9253,0,6834
Africa,50,2022,1257.5714,1633.1898,0,3831
Africa,51,2022,674.8571,922.5567,0,1981
Africa,52,2022,13.4286,35.5287,0,94
Africa,1,2023,768.8571,1490.51,0,3953
Africa,2,2023,478.2857,574.5342,0,1213
Africa,3,2023,497.5714,952.8141,0,2488
Africa,4,2023,432.7143,652.6425,0,1726
Africa,5,2023,316.8571,553.9108,0,1422
Africa,6,2023,208.5714,322.1303,0,759
Africa,7,2023,246.8571,405.0006,0,1040
Africa,8,2023,116.0,206.8131,0,558
Africa,9,2023,62.8571,89.0364,0,206
Africa,10,2023,236.5,355.1042,0,751
America,4,2020,1.6,1.1402,0,3
America,5,2020,0.5714,0.7868,0,2
America,6,2020,1.1429,1.069,0,3
America,7,2020,0.4286,0.5345,0,1
America,8,2020,1.4286,1.5119,0,4
America,9,2020,8.4286,9.4843,1,26
America,10,2020,90.5714,63.2135,28,182
America,11,2020,510.5714,311.7284,110,928
America,12,2020,5435.4286,3230.2215,1876,10665
America,13,2020,17483.5714,4783.4686,12133,24656
America,14,2020,33511.4286,5046.0794,24435,39547
America,15,2020,36621.8571,4007.185,30819,41975
America,16,2020,35104.2857,3078.7626,31765,41266
America,17,2020,40250.7143,6387.5541,33095,51692
America,18,2020,40753.5714,5110.8234,34205,49517
America,19,2020,41672.5714,5129.8524,32547,46963
America,20,2020,43793.1429,7967.8915,31943,52482
America,21,2020,54156.7143,5487.8854,46273,59533
America,22,2020,60235.5714,12404.529,46544,81628
America,23,2020,64629.1429,10795.8517,49399,76070
America,24,2020,65291.0,8918.5829,47882,75200
America,25,2020,78883.7143,24248.6429,45382,113146
America,26,2020,93599.7143,18269.8204,55113,113689
America,27,2020,105427.5714,14179.1717,79267,120003
America,28,2020,116419.1429,16820.3058,85802,134432
America,29,2020,120257.0,13839.8526,101256,136959
America,30,2020,133745.2857,25532.2656,95014,157797
America,31,2020,133324.5714,16496.6737,108517,149607
America,32,2020,126905.5714,23857.4046,82132,144625
America,33,2020,123832.5714,25833.1871,83978,157886
America,34,2020,108511.1429,18450.0315,78818,123346
America,35,2020,107900.7143,19866.9761,74756,125052
America,36,2020,108432.8571,19188.8203,66798,125712
America,37,2020,92685.0,22203.375,59676,118514
America,38,2020,100682.4286,15337.6709,80464,122138
America,39,2020,97452.0,18846.8346,71872,120012
America,40,2020,97365.2857,20327.4547,59460,118029
America,41,2020,109201.7143,12861.0289,81337,118058
America,42,2020,105308.4286,21994.8496,72888,131482
America,43,2020,124776.7143,16470.8201,98643,144596
America,44,2020,133613.5714,19779.0968,107980,155601
America,45,2020,160472.5714,23538.4705,112557,181979
America,46,2020,205220.4286,31199.9668,157228,248229
America,47,2020,228534.2857,30255.7873,185336,270418
America,48,2020,232805.8571,37988.0833,183261,285230
America,49,2020,272619.0,40160.3191,207825,316218
America,50,2020,291060.0,34677.1929,237064,325323
America,51,2020,302656.1429,39399.9823,240749,347058
America,52,2020,253634.5714,54281.4328,176376,304713
America,53,2020,296477.8571,65462.7358,231446,416091
America,1,2021,348202.0,67426.9018,248600,424529
America,2,2021,324446.7143,46947.5877,245414,383754
America,3,2021,270371.7143,46774.3414,202383,317369
America,4,2021,243998.5714,43790.5338,170930,281087
America,5,2021,201746.0,30054.6395,149520,239231
America,6,2021,171710.8571,27861.6228,132529,199117
America,7,2021,143754.5714,25135.3467,101389,166239
America,8,2021,154968.2857,35339.7416,101324,184476
America,9,2021,157824.2857,21405.9587,116677,179617
America,10,2021,153119.4286,31964.8499,107596,184790
America,11,2021,165432.7143,33172.1084,120487,200279
America,12,2021,183034.1429,38021.6113,129840,219324
America,13,2021,172898.0,40403.5149,111656,220551
America,14,2021,201830.0,43596.6603,135152,247991
America,15,2021,194393.4286,41469.2886,126122,241564
America,16,2021,177560.0,34095.0312,112397,208876
America,17,2021,165025.2857,37252.0495,105807,202964
America,18,2021,155345.2857,33144.507,90421,182263
America,19,2021,152229.2857,33675.4928,102491,191024
America,20,2021,156449.2857,33155.0713,104806,186975
America,21,2021,141666.7143,31874.6854,91863,174064
America,22,2021,136832.7143,35220.9832,84258,185673
America,23,2021,134249.1429,35373.759,80039,174892
America,24,2021,131269.5714,31399.2958,82473,164513
America,25,2021,126158.2857,39749.3986,67396,177202
America,26,2021,105168.7143,26864.7649,60292,138367
America,27,2021,108176.2857,32562.1701,59633,147787
America,28,2021,117928.7143,37172.219,61552,169755
America,29,2021,141856.4286,60520.2655,76284,263565
America,30,2021,164489.7143,59331.8568,94732,282914
America,31,2021,192301.5714,82194.597,78804,350827
America,32,2021,207753.7143,74480.4273,79931,313093
America,33,2021,228106.8571,79432.866,84623,329148
America,34,2021,223070.2857,80739.0957,83913,313365
America,35,2021,225729.4286,75444.7419,100376,303593
America,36,2021,197579.1429,79822.4088,76998,283718
America,37,2021,209988.4286,59545.5855,84963,274289
America,38,2021,168073.0,55906.1012,89334,226976
America,39,2021,146400.1429,52949.2556,63983,200485
America,40,2021,130657.5714,46316.9366,65361,176233
America,41,2021,109340.1429,37715.5703,48996,142409
America,42,2021,98023.8571,36776.6888,32718,128131
America,43,2021,99589.5714,34672.3426,48362,136685
America,44,2021,96579.7143,29349.1069,53557,126103
America,45,2021,104909.5714,40760.3162,49399,172914
America,46,2021,115471.8571,38061.2353,58269,150978
America,47,2021,96500.0,41729.6157,46926,157808
America,48,2021,145915.2857,48859.4843,73746,201424
America,49,2021,140803.7143,48500.4208,68709,192970
America,50,2021,159988.1429,42608.0957,109658,220694
America,51,2021,252660.1429,67868.2775,131831,329935
America,52,2021,524762.8571,165635.635,270735,725119
America,1,2022,955574.8571,212754.6438,677256,1173949
America,2,2022,1139182.4286,299358.8204,730919,1577506
America,3,2022,1141118.0,340425.4354,684495,1512838
America,4,2022,937620.4286,305871.491,430901,1220414
America,5,2022,628107.1429,218116.3396,246627,801010
America,6,2022,435624.4286,129166.7621,189306,534446
America,7,2022,303107.0,91907.9965,121923,395192
America,8,2022,220376.4286,72306.9511,93021,319323
America,9,2022,138519.0,41738.8331,69152,184359
America,10,2022,122968.5714,38198.3204,47857,159186
America,11,2022,104163.5714,33974.441,51845,142623
America,12,2022,87461.1429,29053.1283,41570,117227
America,13,2022,72703.5714,28852.2968,23242,102569
America,14,2022,80739.1429,35477.091,23675,124397
America,15,2022,68611.5714,46537.2112,17093,155955
America,16,2022,81190.2857,38046.2513,26955,128626
America,17,2022,88045.0,32929.0799,42551,135444
America,18,2022,104018.8571,49273.5044,35438,166827
America,19,2022,125459.5714,50259.6775,47424,201184
America,20,2022,152989.1429,76348.6051,40338,238391
America,21,2022,151488.0,63836.5153,55413,241682
America,22,2022,169082.5714,93536.4626,52635,313373
America,23,2022,177139.1429,79719.3608,47858,275157
America,24,2022,164913.1429,82813.5701,38251,284823
America,25,2022,199659.1429,81016.9647,72007,282105
America,26,2022,228517.1429,107462.85,82697,393895
America,27,2022,223265.1429,80688.9461,121586,335279
America,28,2022,263539.4286,102604.341,99466,361395
America,29,2022,249029.7143,99686.4755,127646,411168
America,30,2022,229353.0,106838.4723,63761,381731
America,31,2022,199353.4286,85941.3621,84305,290574
America,32,2022,179049.2857,64815.4321,61713,265689
America,33,2022,137755.7143,68381.9294,43335,214413
America,34,2022,142231.1429,73621.1831,27588,227092
America,35,2022,112341.2857,62712.3384,20993,181757
America,36,2022,95432.0,54004.751,25535,153637
America,37,2022,75458.0,44576.5333,13142,123672
America,38,2022,79971.5714,44254.4285,16621,119654
America,39,2022,64131.1429,38479.3713,12760,110537
America,40,2022,57924.5714,32602.6329,13249,96645
America,41,2022,52190.8571,31180.2164,14318,89330
America,42,2022,52575.7143,29673.2894,13191,95186
America,43,2022,53404.1429,31087.1956,14089,90627
America,44,2022,56979.2857,29660.4763,16962,93262
America,45,2022,57385.1429,43080.759,11276,119640
America,46,2022,70176.8571,43113.2919,12386,126738
America,47,2022,73049.8571,52294.4821,8939,153125
America,48,2022,116769.5714,59683.1935,31388,205172
America,49,2022,118120.7143,90841.8277,16178,269304
America,50,2022,142032.8571,83745.3931,17028,225749
America,51,2022,131118.0,91607.5107,12024,242208
America,52,2022,115969.0,75675.76,11526,190173
America,1,2023,124346.1429,86330.0016,12581,270578
America,2,2023,94695.2857,65008.6745,15867,173925
America,3,2023,79546.2857,52968.5685,7561,152971
America,4,2023,62101.1429,41688.3078,7720,125415
America,5,2023,65861.5714,47001.8709,8110,143591
America,6,2023,52432.4286,37808.0985,8849,105125
America,7,2023,56413.1429,32966.4731,18441,114988
America,8,2023,47935.7143,47899.4083,6447,132462
America,9,2023,55104.7143,39608.7637,3487,119700
America,10,2023,48258.25,29999.0174,9361,80653
Asia,4,2020,51.2,18.5257,26,77
Asia,5,2020,123.1429,36.8168,68,176
Asia,6,2020,119.0,27.16,67,145
Asia,7,2020,55.5714,9.8464,42,65
Asia,8,2020,108.0,93.7834,20,265
Asia,9,2020,484.8571,235.6837,193,851
Asia,10,2020,589.0,160.6186,369,885
Asia,11,2020,338.2857,126.5131,200,502
Asia,12,2020,719.7143,265.702,399,1144
Asia,13,2020,1428.5714,423.8446,896,1981
Asia,14,2020,1858.8571,324.9335,1413,2269
Asia,15,2020,1922.4286,279.1797,1560,2319
Asia,16,2020,2249.2857,164.0627,2004,2507
Asia,17,2020,2313.7143,348.9153,1805,2676
Asia,18,2020,1760.1429,235.2342,1500,2256
Asia,19,2020,1829.8571,136.4166,1685,2004
Asia,20,2020,1872.8571,297.0193,1501,2205
Asia,21,2020,1873.8571,298.5886,1385,2282
Asia,22,2020,2227.7143,622.3945,1386,3110
Asia,23,2020,2433.7143,357.1586,2005,2837
Asia,24,2020,2796.0,305.5836,2389,3256
Asia,25,2020,2814.2857,259.5854,2537,3171
Asia,26,2020,3314.1429,348.3678,2941,3876
Asia,27,2020,4538.7143,694.0283,3747,5803
Asia,28,2020,5883.5714,722.387,5172,6817
Asia,29,2020,6215.8571,916.6794,5046,7523
Asia,30,2020,7121.0,593.2849,6267,8059
Asia,31,2020,8872.2857,1214.4222,6924,10037
Asia,32,2020,9752.7143,1213.1784,8305,11893
Asia,33,2020,10040.1429,1546.7306,8013,12215
Asia,34,2020,9713.1429,1279.3445,7297,10589
Asia,35,2020,10397.2857,822.0358,9338,11776
Asia,36,2020,10259.0,723.1537,9158,11582
Asia,37,2020,12517.5714,1725.1996,9222,14175
Asia,38,2020,14069.0,940.929,12054,14840
Asia,39,2020,15402.2857,2077.924,12585,18216
Asia,40,2020,14211.2857,3134.797,9755,18239
Asia,41,2020,12919.8571,1622.1006,10328,14535
Asia,42,2020,11167.1429,801.8132,10053,12273
Asia,43,2020,10055.5714,386.9267,9566,10533
Asia,44,2020,9367.7143,685.384,8545,10586
Asia,45,2020,10149.2857,1268.9691,8427,11960
Asia,46,2020,10988.0,1511.7638,8816,13446
Asia,47,2020,11905.8571,1304.6623,9659,13053
Asia,48,2020,13455.1429,1250.7746,11393,14715
Asia,49,2020,14348.8571,1664.5623,12080,16906
Asia,50,2020,15614.4286,1694.4571,13444,18008
Asia,51,2020,17850.1429,2191.9633,14432,19929
Asia,52,2020,20440.5714,2159.5314,17368,23324
Asia,53,2020,23826.2857,2602.3827,19544,28477
Asia,1,2021,31936.2857,4602.4532,24166,37101
Asia,2,2021,37047.5714,3582.5701,31933,42777
Asia,3,2021,33562.7143,3489.7296,28666,39480
Asia,4,2021,33801.7143,4818.1408,24606,39535
Asia,5,2021,30606.4286,2161.306,27836,34328
Asia,6,2021,23620.1429,2696.1518,18449,26024
Asia,7,2021,21847.1429,2191.6138,17609,24012
Asia,8,2021,21370.4286,2312.0569,16973,23300
Asia,9,2021,19631.2857,1491.2032,17083,21359
Asia,10,2021,19230.5714,851.0501,17535,20222
Asia,11,2021,20195.2857,1666.3381,17628,22515
Asia,12,2021,21818.4286,1686.4517,19538,24254
Asia,13,2021,24646.5714,3225.1492,20691,30124
Asia,14,2021,24783.4286,3784.5577,18349,28767
Asia,15,2021,27807.1429,2411.0136,24396,31099
Asia,16,2021,27892.0,2163.5449,24595,30059
Asia,17,2021,27841.0,1254.3221,25994,29560
Asia,18,2021,26704.8571,2997.4439,23159,30804
Asia,19,2021,26231.5714,2105.0025,23943,30406
Asia,20,2021,29776.5714,2812.33,25295,32385
Asia,21,2021,32218.2857,3530.4774,27681,37340
Asia,22,2021,29925.5714,2018.0637,26567,32158
Asia,23,2021,28597.0,2234.1464,24940,30621
Asia,24,2021,31918.2857,3445.1705,27922,35438
Asia,25,2021,38108.4286,5448.7809,31466,44049
Asia,26,2021,47419.7143,5282.104,41029,53613
Asia,27,2021,63264.8571,7292.2647,52898,71251
Asia,28,2021,86994.1429,9376.244,69674,96530
Asia,29,2021,90375.1429,11142.9929,74898,104095
Asia,30,2021,103834.5714,11380.6865,80150,112158
Asia,31,2021,110245.7143,14234.7869,79798,121153
Asia,32,2021,116426.1429,10822.8472,97458,128368
Asia,33,2021,119337.1429,9813.1112,108615,131033
Asia,34,2021,118260.1429,9897.325,102846,129257
Asia,35,2021,106282.5714,6966.1025,98171,117767
Asia,36,2021,98542.2857,9722.6195,85674,110761
Asia,37,2021,86421.1429,3441.2039,80437,91514
Asia,38,2021,77036.8571,2519.2679,74174,80444
Asia,39,2021,63295.4286,6138.8518,52131,72022
Asia,40,2021,51724.7143,3078.0426,47561,55408
Asia,41,2021,44527.1429,2779.3658,40184,47872
Asia,42,2021,38232.1429,1780.3163,35774,40822
Asia,43,2021,39814.4286,7252.8186,31923,54711
Asia,44,2021,34386.7143,2756.6986,30049,37386
Asia,45,2021,33833.5714,2232.6311,30570,36251
Asia,46,2021,34046.4286,2844.417,29240,37522
Asia,47,2021,39029.0,10441.1569,29417,61382
Asia,48,2021,35245.8571,2345.5054,30979,37954
Asia,49,2021,35737.2857,2358.6146,32387,38172
Asia,50,2021,37417.0,8196.3029,31733,55524
Asia,51,2021,33279.1429,2653.364,29347,35830
Asia,52,2021,38410.5714,5675.1082,30120,46512
Asia,1,2022,79060.8571,23220.1998,44757,103268
Asia,2,2022,141478.8571,26234.8096,111256,184699
Asia,3,2022,190376.5714,88755.2174,87923,364598
Asia,4,2022,256543.2857,35939.71,228619,332306
Asia,5,2022,258289.8571,20931.3991,222006,285081
Asia,6,2022,301489.5714,21787.84,258604,323068
Asia,7,2022,367135.8571,42720.6039,282342,410235
Asia,8,2022,461490.7143,66718.5216,327621,544084
Asia,9,2022,620543.2857,81228.551,474066,715683
Asia,10,2022,741177.1429,137494.1619,524393,977341
Asia,11,2022,804052.0,178749.3056,505609,1063798
Asia,12,2022,623796.7143,134181.995,404163,859396
Asia,13,2022,521518.4286,132393.6094,340164,714818
Asia,14,2022,364325.4286,79881.0153,216826,457245
Asia,15,2022,260523.7143,71929.2525,139085,344160
Asia,16,2022,182975.1429,35308.4268,118900,225014
Asia,17,2022,135873.5714,46952.3634,85662,200704
Asia,18,2022,107485.4286,18378.4841,81662,139463
Asia,19,2022,164092.5714,45490.6438,91196,226994
Asia,20,2022,154583.5714,18491.0761,130539,176819
Asia,21,2022,141351.0,15572.5463,115597,158795
Asia,22,2022,117635.4286,15495.6564,98622,138999
Asia,23,2022,109295.8571,19941.304,80937,129485
Asia,24,2022,99705.7143,12583.0133,80664,113990
Asia,25,2022,95171.1429,12261.9779,77600,109582
Asia,26,2022,100532.4286,11845.0503,80310,111805
Asia,27,2022,128406.2857,16395.4351,92312,138447
Asia,28,2022,191886.8571,30111.1313,129129,213922
Asia,29,2022,279726.2857,52233.3665,207665,327916
Asia,30,2022,344913.5714,40369.0176,282129,385826
Asia,31,2022,455216.0,179692.0836,296457,821688
Asia,32,2022,375979.1429,57531.2456,287280,443231
Asia,33,2022,395512.5714,72995.8159,263769,466210
Asia,34,2022,348984.8571,57709.525,251143,420918
Asia,35,2022,273229.8571,41188.2173,203100,317492
Asia,36,2022,220731.2857,39489.7392,170215,270847
Asia,37,2022,193192.7143,68232.9018,141038,340174
Asia,38,2022,142599.1429,21537.9006,116215,169782
Asia,39,2022,127384.1429,16817.7453,96597,148327
Asia,40,2022,114166.5714,24126.1392,77737,143120
Asia,41,2022,119758.4286,24740.6746,79285,147101
Asia,42,2022,118535.7143,17961.1285,94101,143379
Asia,43,2022,129737.8571,17304.8992,102793,148793
Asia,44,2022,148494.2857,24395.7022,119824,174578
Asia,45,2022,165662.8571,26519.2482,126604,192917
Asia,46,2022,179071.1429,28540.8252,140399,213381
Asia,47,2022,193862.1429,38895.9337,147014,239424
Asia,48,2022,198684.8571,38053.6419,149868,244946
Asia,49,2022,221141.1429,36870.3307,157086,261766
Asia,50,2022,254538.4286,49756.1746,181638,318002
Asia,51,2022,277625.1429,45375.6003,209043,327731
Asia,52,2022,267926.2857,70904.7396,165108,343658
Asia,1,2023,275656.5714,65770.8791,199754,354741
Asia,2,2023,208967.8571,47441.7785,152338,283431
Asia,3,2023,141889.5714,34443.0128,97838,189136
Asia,4,2023,105602.5714,26789.4863,59447,136073
Asia,5,2023,83695.0,17096.3291,62648,106607
Asia,6,2023,64096.2857,18728.7734,37875,87894
Asia,7,2023,49744.4286,11976.2179,37644,69396
Asia,8,2023,31405.4286,13882.4609,15950,51994
Asia,9,2023,23171.2857,5673.9087,11536,28641
Asia,10,2023,24086.25,5965.1207,16986,31013
Europe,4,2020,0.6,0.8944,0,2
Europe,5,2020,3.1429,2.6095,0,7
Europe,6,2020,3.4286,3.5989,0,9
Europe,7,2020,1.1429,1.3452,0,4
Europe,8,2020,23.2857,36.7411,0,99
Europe,9,2020,290.0,231.9281,76,758
Europe,10,2020,1431.7143,717.5446,559,2377
Europe,11,2020,6208.1429,2770.7852,3246,10299
Europe,12,2020,16184.2857,4899.3381,10564,22108
Europe,13,2020,31988.7143,4878.73,25229,37980
Europe,14,2020,36100.0,3709.6879,30118,40371
Europe,15,2020,37520.4286,15544.9873,27684,72392
Europe,16,2020,36336.1429,6446.1109,29005,48114
Europe,17,2020,27565.1429,3766.7806,21802,31866
Europe,18,2020,23145.8571,912.0207,21635,24238
Europe,19,2020,23523.5714,2761.2979,20219,28195
Europe,20,2020,20521.7143,2498.5552,16619,23590
Europe,21,2020,17235.1429,1192.4088,14795,18336
Europe,22,2020,16005.5714,2046.2772,14224,20002
Europe,23,2020,14937.4286,717.7574,14143,16106
Europe,24,2020,15463.5714,689.6801,14551,16453
Europe,25,2020,15001.5714,1021.9414,13243,16052
Europe,26,2020,14462.7143,1027.1038,12629,15447
Europe,27,2020,12929.8571,633.932,12030,13912
Europe,28,2020,13113.2857,876.2727,11840,14251
Europe,29,2020,13907.7143,1408.5716,11816,16033
Europe,30,2020,15435.2857,1873.9098,12914,17726
Europe,31,2020,17053.0,2996.7411,12588,20815
Europe,32,2020,19944.2857,3833.5531,14278,24722
Europe,33,2020,22912.8571,3737.8453,17588,27287
Europe,34,2020,26202.1429,4355.8896,20314,30945
Europe,35,2020,30150.7143,6974.1731,22784,39875
Europe,36,2020,34783.8571,5782.2817,27280,42426
Europe,37,2020,41499.2857,7312.8976,30573,50651
Europe,38,2020,50142.2857,7495.6478,40171,60593
Europe,39,2020,59107.7143,8642.359,45525,69655
Europe,40,2020,69649.2857,9818.1212,48610,76509
Europe,41,2020,98705.8571,14338.8238,81976,117410
Europe,42,2020,136376.5714,19085.0425,110622,156583
Europe,43,2020,190763.4286,31609.8591,155984,230792
Europe,44,2020,256345.8571,30574.107,221047,295924
Europe,45,2020,283634.5714,38549.7768,223369,332196
Europe,46,2020,260377.2857,29272.5088,215080,290854
Europe,47,2020,244801.5714,29410.3242,189205,270575
Europe,48,2020,231106.1429,34065.0079,189614,277339
Europe,49,2020,225996.8571,24590.652,192057,254932
Europe,50,2020,342904.0,313212.7877,188122,1050612
Europe,51,2020,240499.5714,34111.5799,192927,278921
Europe,52,2020,213760.5714,47288.5642,146080,274278
Europe,53,2020,230848.1429,51870.1339,174477,300106
Europe,1,2021,262932.0,42823.2918,206418,311223
Europe,2,2021,230425.0,40357.2598,162140,267379
Europe,3,2021,209670.2857,34759.1039,149802,241663
Europe,4,2021,188714.2857,32867.1169,133583,219687
Europe,5,2021,166071.2857,29588.4345,118189,204312
Europe,6,2021,139549.7143,21238.9233,101845,162399
Europe,7,2021,138156.5714,20073.2659,108181,160626
Europe,8,2021,151213.0,26118.8252,109719,176828
Europe,9,2021,156545.2857,24513.9518,111202,178780
Europe,10,2021,171258.1429,35716.5302,100222,198880
Europe,11,2021,200173.0,39931.5403,121154,236241
Europe,12,2021,231241.5714,42701.4995,170783,276514
Europe,13,2021,236977.0,43909.8505,160386,285829
Europe,14,2021,222350.2857,63337.3465,148838,326456
Europe,15,2021,227903.4286,36289.6965,178357,264175
Europe,16,2021,202814.0,38541.8592,148189,246859
Europe,17,2021,159542.4286,33625.5934,105395,192968
Europe,18,2021,124922.4286,24211.9419,87047,151681
Europe,19,2021,95768.1429,17550.6503,70024,117360
Europe,20,2021,70760.5714,17675.2267,45198,96952
Europe,21,2021,51815.1429,8124.0599,38497,60164
Europe,22,2021,44669.5714,7924.846,32902,56957
Europe,23,2021,43935.4286,6761.4043,35792,56683
Europe,24,2021,42985.2857,2368.2332,39286,46168
Europe,25,2021,51088.2857,4191.5685,45658,56211
Europe,26,2021,69518.7143,8005.2405,61177,81384
Europe,27,2021,95491.7143,11982.7234,79909,114123
Europe,28,2021,128415.2857,15528.6852,103645,146691
Europe,29,2021,133866.5714,18566.5812,102140,160762
Europe,30,2021,143833.4286,20981.6495,107614,160820
Europe,31,2021,146285.1429,18158.906,115883,164729
Europe,32,2021,147659.8571,20423.9314,113464,167161
Europe,33,2021,145365.4286,18950.2768,115173,165825
Europe,34,2021,145618.5714,18019.741,110491,163327
Europe,35,2021,142497.0,22429.048,112346,173934
Europe,36,2021,142274.4286,20976.5287,108720,164811
Europe,37,2021,140265.4286,15145.5213,113580,157381
Europe,38,2021,144019.8571,14098.1484,120685,157324
Europe,39,2021,155795.8571,15977.0817,128303,173494
Europe,40,2021,170496.1429,16263.3896,145193,189944
Europe,41,2021,192614.0,17223.5613,167207,217428
Europe,42,2021,229238.7143,25783.4019,188954,258913
Europe,43,2021,248726.4286,28465.9893,199118,275358
Europe,44,2021,271755.1429,42443.3204,211574,317762
Europe,45,2021,303209.8571,49053.5623,228663,355629
Europe,46,2021,346187.8571,56639.2004,252028,400406
Europe,47,2021,388313.2857,84475.4205,260815,477615
Europe,48,2021,395762.0,83604.0178,259458,470606
Europe,49,2021,382561.0,77421.5481,252116,439163
Europe,50,2021,395214.7143,66335.9252,278761,450799
Europe,51,2021,440524.8571,87342.3978,271061,553420
Europe,52,2021,770046.4286,204262.8954,392763,1033699
Europe,1,2022,1131507.2857,194689.4658,862794,1335100
Europe,2,2022,1201391.2857,218852.2158,862998,1426074
Europe,3,2022,1430356.2857,278047.994,1016893,1681326
Europe,4,2022,1621680.4286,318651.8956,1087800,1921235
Europe,5,2022,1649803.7143,496561.9032,965976,2499472
Europe,6,2022,1369817.1429,413738.9372,760082,1910109
Europe,7,2022,1014715.5714,256484.6841,600095,1278032
Europe,8,2022,788062.7143,253491.7569,392143,1057623
Europe,9,2022,693817.1429,200903.8664,368562,845417
Europe,10,2022,727246.0,271132.0382,345123,977040
Europe,11,2022,780714.1429,279690.1535,332251,1052024
Europe,12,2022,790938.4286,301369.2003,325853,1091429
Europe,13,2022,698122.1429,282440.623,255231,961444
Europe,14,2022,535670.8571,189135.1003,231450,698646
Europe,15,2022,405779.0,175636.8877,183066,635445
Europe,16,2022,371015.4286,221674.92,79366,637062
Europe,17,2022,298754.4286,117271.693,116743,415071
Europe,18,2022,231440.2857,100472.6404,98405,371239
Europe,19,2022,213982.8571,76176.6672,92311,273813
Europe,20,2022,172822.2857,80190.2785,45647,272729
Europe,21,2022,135393.7143,55243.7987,41268,194748
Europe,22,2022,128901.2857,64176.5933,50510,202720
Europe,23,2022,140720.1429,94849.6066,27393,245632
Europe,24,2022,207877.0,145963.0353,44541,474500
Europe,25,2022,284887.5714,148706.1372,64100,415568
Europe,26,2022,374862.0,190073.6732,90739,536141
Europe,27,2022,447190.1429,235225.9779,103171,700430
Europe,28,2022,404661.7143,256253.9146,82107,751187
Europe,29,2022,468148.8571,325615.1275,73697,928012
Europe,30,2022,347145.2857,220324.0621,62555,639367
Europe,31,2022,297427.2857,151192.1641,60273,488842
Europe,32,2022,196318.8571,108624.7668,58199,366291
Europe,33,2022,230804.5714,133347.0756,67480,424386
Europe,34,2022,170052.1429,76898.6892,70939,281573
Europe,35,2022,176418.7143,66242.2313,84296,269127
Europe,36,2022,158539.0,55661.8636,86459,250199
Europe,37,2022,187409.1429,70579.6151,84401,261356
Europe,38,2022,202925.2857,81898.3521,77407,292690
Europe,39,2022,237036.0,117935.6806,74311,363997
Europe,40,2022,261844.1429,139272.441,90814,394395
Europe,41,2022,276365.2857,158132.6646,55313,483238
Europe,42,2022,246426.8571,150900.056,36516,423399
Europe,43,2022,178723.1429,118539.2133,15689,363918
Europe,44,2022,116605.1429,89021.0803,14618,244079
Europe,45,2022,117982.8571,85707.9274,9648,246360
Europe,46,2022,125465.0,107142.7946,9565,319601
Europe,47,2022,137967.0,118692.4525,10748,356638
Europe,48,2022,154702.7143,126446.1313,8233,369748
Europe,49,2022,162406.4286,123668.0129,13909,365422
Europe,50,2022,159780.5714,112304.6062,12655,314648
Europe,51,2022,142963.8571,98149.5847,12472,270634
Europe,52,2022,109186.4286,61697.8672,14179,205444
Europe,1,2023,85540.0,68665.8328,6539,176716
Europe,2,2023,54007.1429,44014.1428,7247,136139
Europe,3,2023,38702.2857,28587.9321,8034,92786
Europe,4,2023,39357.2857,23770.5323,10104,77924
Europe,5,2023,42425.1429,23464.9872,13100,79816
Europe,6,2023,45943.4286,15229.7687,21728,68256
Europe,7,2023,52242.1429,25190.6918,19739,90300
Europe,8,2023,55720.4286,30313.3174,15781,92268
Europe,9,2023,55063.5714,23954.8613,19119,82640
Europe,10,2023,56754.0,20539.2,30198,80331
Oceania,4,2020,0.8,1.7889,0,4
Oceania,5,2020,1.2857,0.9512,0,3
Oceania,6,2020,0.2857,0.488,0,1
Oceania,7,2020,0.0,0.0,0,0
Oceania,8,2020,0.0,0.0,0,0
Oceania,9,2020,1.8571,3.671,0,10
Oceania,10,2020,7.7143,4.855,3,15
Oceania,11,2020,31.8571,25.7321,0,72
Oceania,12,2020,192.8571,164.9439,79,528
Oceania,13,2020,408.2857,140.1424,137,580
Oceania,14,2020,318.7143,75.6389,226,452
Oceania,15,2020,131.2857,49.2027,30,177
Oceania,16,2020,56.5714,14.3394,37,80
Oceania,17,2020,20.4286,5.1916,13,27
Oceania,18,2020,18.1429,6.3882,9,25
Oceania,19,2020,19.1429,7.3808,7,29
Oceania,20,2020,15.4286,7.9132,9,30
Oceania,21,2020,10.0,4.6904,4,15
Oceania,22,2020,12.4286,3.7796,8,19
Oceania,23,2020,8.7143,4.957,4,19
Oceania,24,2020,10.1429,8.3152,2,26
Oceania,25,2020,21.1429,14.9936,4,52
Oceania,26,2020,43.5714,30.0603,8,89
Oceania,27,2020,117.8571,55.213,65,194
Oceania,28,2020,201.0,62.0967,132,320
Oceania,29,2020,300.0,75.3105,209,424
Oceania,30,2020,409.7143,80.4709,294,532
Oceania,31,2020,484.8571,166.6938,281,717
Oceania,32,2020,444.2857,127.4647,313,717
Oceania,33,2020,317.0,64.3014,248,414
Oceania,34,2020,200.4286,43.7373,113,248
Oceania,35,2020,126.1429,23.1043,85,156
Oceania,36,2020,88.0,26.3692,46,128
Oceania,37,2020,55.7143,20.1719,41,98
Oceania,38,2020,33.4286,14.7858,14,50
Oceania,39,2020,20.4286,11.3704,4,39
Oceania,40,2020,18.0,6.733,13,30
Oceania,41,2020,21.8571,5.728,11,28
Oceania,42,2020,18.4286,7.678,9,29
Oceania,43,2020,25.8571,17.9854,7,63
Oceania,44,2020,14.4286,2.1492,11,17
Oceania,45,2020,12.5714,2.4398,10,16
Oceania,46,2020,14.2857,14.3726,3,38
Oceania,47,2020,16.5714,6.2144,10,26
Oceania,48,2020,13.4286,3.7796,7,18
Oceania,49,2020,13.7143,5.8228,8,25
Oceania,50,2020,11.4286,5.1916,7,21
Oceania,51,2020,26.7143,13.3381,11,47
Oceania,52,2020,23.2857,5.5891,12,28
Oceania,53,2020,29.4286,9.1807,19,43
Oceania,1,2021,21.5714,11.013,11,44
Oceania,2,2021,21.5714,6.8522,10,32
Oceania,3,2021,11.8571,4.4508,4,17
Oceania,4,2021,8.8571,2.9114,5,12
Oceania,5,2021,7.8571,2.9681,4,13
Oceania,6,2021,8.8571,2.1931,6,13
Oceania,7,2021,7.7143,3.3523,4,13
Oceania,8,2021,10.2857,3.4503,4,15
Oceania,9,2021,14.8571,5.9,7,26
Oceania,10,2021,19.2857,5.3452,9,26
Oceania,11,2021,18.7143,9.4818,9,38
Oceania,12,2021,15.1429,7.6033,5,28
Oceania,13,2021,13.5714,6.2944,7,22
Oceania,14,2021,19.7143,7.1348,11,30
Oceania,15,2021,18.5714,4.7208,14,26
Oceania,16,2021,21.7143,10.7349,11,44
Oceania,17,2021,25.5714,10.9065,13,45
Oceania,18,2021,16.4286,5.996,10,24
Oceania,19,2021,7.7143,2.6904,3,12
Oceania,20,2021,8.4286,4.1173,4,15
Oceania,21,2021,13.4286,3.2071,10,18
Oceania,22,2021,13.7143,4.2314,5,18
Oceania,23,2021,14.0,6.2981,6,23
Oceania,24,2021,14.8571,6.0119,9,27
Oceania,25,2021,27.2857,11.7433,11,40
Oceania,26,2021,42.2857,10.0119,27,57
Oceania,27,2021,61.0,33.4315,27,122
Oceania,28,2021,120.5714,18.7604,88,145
Oceania,29,2021,159.1429,23.4053,109,176
Oceania,30,2021,221.0,29.6086,185,256
Oceania,31,2021,290.2857,40.9297,224,352
Oceania,32,2021,431.5714,59.0307,369,525
Oceania,33,2021,776.1429,165.906,481,932
Oceania,34,2021,1165.4286,197.9612,876,1411
Oceania,35,2021,1545.1429,207.7133,1256,1760
Oceania,36,2021,1841.4286,224.4793,1487,2150
Oceania,37,2021,2109.7143,414.1102,1652,2927
Oceania,38,2021,2095.5714,433.1597,1667,2851
Oceania,39,2021,2338.5714,244.855,2084,2763
Oceania,40,2021,2516.0,195.1008,2197,2775
Oceania,41,2021,2414.7143,374.362,1913,3064
Oceania,42,2021,2309.4286,333.6689,1823,2773
Oceania,43,2021,1875.8571,292.5477,1367,2215
Oceania,44,2021,1562.8571,226.5549,1281,1799
Oceania,45,2021,1501.5714,214.6671,1177,1803
Oceania,46,2021,1521.8571,145.8166,1282,1730
Oceania,47,2021,1570.4286,227.8536,1257,1844
Oceania,48,2021,1584.8571,264.1032,1265,2012
Oceania,49,2021,1778.5714,135.5936,1586,1944
Oceania,50,2021,3503.5714,752.3669,2103,4101
Oceania,51,2021,8045.7143,2135.3584,4585,9928
Oceania,52,2021,26088.5714,9285.5949,11846,37596
Oceania,1,2022,79063.1429,21299.9845,44829,111787
Oceania,2,2022,105936.4286,37573.5909,59974,175415
Oceania,3,2022,63604.2857,19619.4946,32310,85022
Oceania,4,2022,54625.2857,10807.4463,36850,67192
Oceania,5,2022,22437.4286,5240.0463,14711,30051
Oceania,6,2022,25761.1429,6412.0629,13433,32717
Oceania,7,2022,21144.2857,7139.3617,13441,33379
Oceania,8,2022,31577.4286,7563.8166,17543,39451
Oceania,9,2022,47517.8571,10931.4502,32623,63838
Oceania,10,2022,54074.4286,13984.0075,36765,74850
Oceania,11,2022,63018.5714,15702.9788,50650,96410
Oceania,12,2022,70873.7143,9735.0005,57008,82739
Oceania,13,2022,69087.7143,11508.3668,50858,81565
Oceania,14,2022,66148.2857,13661.3416,45971,88470
Oceania,15,2022,52123.1429,10133.9987,38647,64366
Oceania,16,2022,51613.4286,12681.6211,39460,70178
Oceania,17,2022,46642.8571,8620.3628,31342,60063
Oceania,18,2022,49685.0,8184.925,41511,67091
Oceania,19,2022,57655.5714,6812.1965,47526,67132
Oceania,20,2022,57457.0,13041.7344,40154,77368
Oceania,21,2022,44097.5714,9880.1173,31776,54269
Oceania,22,2022,35514.8571,8604.8783,23254,44206
Oceania,23,2022,33261.0,7695.9089,20922,40748
Oceania,24,2022,32303.5714,4587.5681,25948,38342
Oceania,25,2022,33962.8571,6352.8172,25882,42271
Oceania,26,2022,39992.5714,8034.7647,32885,57160
Oceania,27,2022,48140.1429,11257.4934,37250,71804
Oceania,28,2022,52262.2857,5565.9842,45396,58929
Oceania,29,2022,55612.4286,9643.795,40935,65492
Oceania,30,2022,50832.7143,15286.2876,33101,79541
Oceania,31,2022,37529.1429,10945.5501,22367,52900
Oceania,32,2022,26666.5714,6984.078,18872,34900
Oceania,33,2022,19902.5714,5857.4986,11358,26114
Oceania,34,2022,14648.8571,3472.2111,10433,19070
Oceania,35,2022,11552.2857,3304.4205,7034,15051
Oceania,36,2022,8371.4286,4541.4767,2142,13924
Oceania,37,2022,6208.5714,9909.3231,140,28082
Oceania,38,2022,7453.8571,12682.1178,0,35420
Oceania,39,2022,8324.4286,10280.8391,978,29183
Oceania,40,2022,8113.8571,11055.4384,802,31632
Oceania,41,2022,7063.5714,10113.7051,621,26877
Oceania,42,2022,4710.7143,9386.4148,920,25989
Oceania,43,2022,10053.8571,8577.4477,1178,21591
Oceania,44,2022,9124.7143,9518.1331,1654,22641
Oceania,45,2022,12125.0,11238.0134,2709,28958
Oceania,46,2022,14362.4286,21705.1713,2226,59318
Oceania,47,2022,16707.7143,19814.51,3427,55575
Oceania,48,2022,20312.7143,28849.5804,3173,79551
Oceania,49,2022,21108.7143,29836.7121,2686,80553
Oceania,50,2022,22295.1429,28652.2667,0,75056
Oceania,51,2022,14886.2857,29269.0952,1605,81149
Oceania,52,2022,12340.8571,16999.2323,1226,39974
Oceania,1,2023,17241.7143,19645.9071,0,54004
Oceania,2,2023,8276.2857,11083.6025,0,28243
Oceania,3,2023,3928.7143,7026.9817,0,17940
Oceania,4,2023,6482.1429,7617.4689,0,18201
Oceania,5,2023,2528.8571,6679.7096,0,17677
Oceania,6,2023,5064.7143,5766.4694,0,14792
Oceania,7,2023,3651.8571,5218.3429,0,13091
Oceania,8,2023,3962.8571,6911.4965,0,17698
Oceania,9,2023,4412.7143,7513.936,0,18540
Oceania,10,2023,3484.0,6961.3349,0,13926
