Province/State,Country/Region,Year,Month,Slope_regression,Lat,Long,Rank
Hubei,China,2020,1,114.3879,30.9756,112.2707,1
Zhejiang,China,2020,1,13.9394,29.1832,120.0934,2
Guangdong,China,2020,1,8.1576,23.3417,113.4244,3
Henan,China,2020,1,8.1212,37.8957,114.9042,4
Hunan,China,2020,1,7.3212,27.6104,111.7088,5
Jiangxi,China,2020,1,6.6303,27.614,115.7221,6
Anhui,China,2020,1,5.0242,31.8257,117.2264,7
Jiangsu,China,2020,1,4.1818,32.9711,119.455,8
Sichuan,China,2020,1,3.4848,30.6171,102.7103,9
Shandong,China,2020,1,3.3212,36.3427,118.1498,10
Chongqing,China,2020,1,2.4788,30.0572,107.874,11
Hebei,China,2020,1,2.1818,39.549,116.1306,12
Shanghai,China,2020,1,1.9697,31.202,121.4491,13
Fujian,China,2020,1,1.7818,26.0789,117.9874,14
Shaanxi,China,2020,1,1.7758,35.1917,108.8701,15
Yunnan,China,2020,1,1.7394,24.974,101.487,16
Heilongjiang,China,2020,1,1.2061,47.862,127.7615,17
Guizhou,China,2020,1,0.9394,26.8154,106.8748,18
Guangxi,China,2020,1,0.8424,23.8298,108.7881,19
Shanxi,China,2020,1,0.6727,37.5777,112.2922,20
Beijing,China,2020,1,0.5879,40.1824,116.4142,21
Ningxia,China,2020,1,0.4424,37.2692,106.1655,22
Gansu,China,2020,1,0.3939,35.7518,104.2861,23
Liaoning,China,2020,1,0.3394,41.2956,122.6085,24
Unknown,Japan,2020,1,0.3212,36.2048,138.2529,25
Unknown,"Korea, South",2020,1,0.297,35.9078,127.7669,26
Xinjiang,China,2020,1,0.2848,41.1129,85.2401,27
Unknown,Singapore,2020,1,0.2242,1.2833,103.8333,28
Inner Mongolia,China,2020,1,0.1697,44.0935,113.9448,29
Jilin,China,2020,1,0.1697,43.6661,126.1923,30
Hainan,China,2020,1,0.1697,19.1959,109.7453,31
Unknown,United Arab Emirates,2020,1,0.1212,23.4241,53.8478,32
Queensland,Australia,2020,1,0.1152,-27.4698,153.0251,33
Unknown,Germany,2020,1,0.1152,51.1657,10.4515,34
Unknown,Russia,2020,1,0.1091,61.524,105.3188,35
Unknown,Italy,2020,1,0.1091,41.8719,12.5674,36
Unknown,United Kingdom,2020,1,0.1091,55.3781,-3.436,37
Unknown,Thailand,2020,1,0.103,15.87,100.9925,38
Qinghai,China,2020,1,0.097,35.7452,95.9956,39
Victoria,Australia,2020,1,0.0909,-37.8136,144.9631,40
Unknown,Malaysia,2020,1,0.0606,4.2105,101.9758,41
Unknown,Philippines,2020,1,0.0424,12.8797,121.774,42
Unknown,India,2020,1,0.0424,20.5937,78.9629,43
Tibet,China,2020,1,0.0424,31.6927,88.0924,44
Unknown,US,2020,1,0.0364,40.0,-100.0,45
Unknown,Taiwan*,2020,1,0.0364,23.7,121.0,46
Unknown,Finland,2020,1,0.0303,61.9241,25.7482,47
British Columbia,Canada,2020,1,0.0182,53.7267,-127.6476,48
Hong Kong,China,2020,1,0.0121,22.3,114.2,49
Unknown,Cambodia,2020,1,0.0061,11.55,104.9167,50
Unknown,"Korea, South",2020,2,17.3773,35.9078,127.7669,1
Unknown,Italy,2020,2,6.3951,41.8719,12.5674,2
Unknown,Iran,2020,2,3.5852,32.4279,53.688,3
Unknown,Japan,2020,2,0.7227,36.2048,138.2529,4
Unknown,France,2020,2,0.5438,46.2276,2.2137,5
Unknown,Germany,2020,2,0.2631,51.1657,10.4515,6
Unknown,Spain,2020,2,0.2581,40.4637,-3.7492,7
Unknown,Kuwait,2020,2,0.2483,29.3117,47.4818,8
Unknown,Bahrain,2020,2,0.2207,26.0275,50.55,9
Unknown,United Kingdom,2020,2,0.166,55.3781,-3.436,10
Unknown,Switzerland,2020,2,0.1153,46.8182,8.2275,11
Unknown,Norway,2020,2,0.0995,60.472,8.4689,12
Ontario,Canada,2020,2,0.0911,51.2538,-85.3232,13
Unknown,Iraq,2020,2,0.0793,33.2232,43.6793,14
Unknown,Sweden,2020,2,0.0764,60.1282,18.6435,15
Unknown,Netherlands,2020,2,0.0655,52.1326,5.2913,16
Unknown,Taiwan*,2020,2,0.0537,23.7,121.0,17
Unknown,United Arab Emirates,2020,2,0.0507,23.4241,53.8478,18
Unknown,US,2020,2,0.0419,40.0,-100.0,19
Unknown,Croatia,2020,2,0.0355,45.1,15.2,20
Unknown,Finland,2020,2,0.0345,61.9241,25.7482,21
Unknown,Israel,2020,2,0.0335,31.0461,34.8516,22
Unknown,Oman,2020,2,0.0335,21.5126,55.9233,23
Unknown,Mexico,2020,2,0.0271,23.6345,-102.5528,24
Hong Kong,China,2020,2,0.0246,22.3,114.2,25
Unknown,Greece,2020,2,0.0236,39.0742,21.8243,26
Unknown,Pakistan,2020,2,0.0227,30.3753,69.3451,27
Unknown,Lebanon,2020,2,0.0222,33.8547,35.8623,28
Unknown,Afghanistan,2020,2,0.0222,33.9391,67.71,29
Unknown,Denmark,2020,2,0.0197,56.2639,9.5018,30
Queensland,Australia,2020,2,0.0192,-27.4698,153.0251,31
Unknown,Romania,2020,2,0.0182,45.9432,24.9668,32
Unknown,Austria,2020,2,0.0167,47.5162,14.5501,33
Victoria,Australia,2020,2,0.0138,-37.8136,144.9631,34
Western Australia,Australia,2020,2,0.0138,-31.9505,115.8605,35
Unknown,Brazil,2020,2,0.0123,-14.235,-51.9253,36
Quebec,Canada,2020,2,0.0113,52.9399,-73.5491,37
Unknown,Chile,2020,2,0.0079,-35.6751,-71.543,38
Unknown,San Marino,2020,2,0.0069,43.9424,12.4578,39
Unknown,Monaco,2020,2,0.0069,43.7333,7.4167,40
Unknown,Luxembourg,2020,2,0.0069,49.8153,6.1296,41
Unknown,Ireland,2020,2,0.0069,53.1424,-7.6921,42
Unknown,Qatar,2020,2,0.0069,25.3548,51.1839,43
Unknown,Nigeria,2020,2,0.0064,9.082,8.6753,44
Unknown,New Zealand,2020,2,0.0064,-40.9006,174.886,45
Unknown,Iceland,2020,2,0.0064,64.9631,-19.0208,46
Unknown,Belarus,2020,2,0.0064,53.7098,27.9534,47
Unknown,Estonia,2020,2,0.0059,58.5953,25.0136,48
Unknown,North Macedonia,2020,2,0.0054,41.6086,21.7453,49
Unknown,Georgia,2020,2,0.0054,42.3154,43.3569,50
Unknown,US,2020,3,787.171,40.0,-100.0,1
Unknown,Spain,2020,3,319.7165,40.4637,-3.7492,2
Unknown,Germany,2020,3,204.7125,51.1657,10.4515,3
Unknown,Italy,2020,3,201.5403,41.8719,12.5674,4
Unknown,France,2020,3,170.9649,46.2276,2.2137,5
Unknown,United Kingdom,2020,3,135.2613,55.3781,-3.436,6
Unknown,Iran,2020,3,79.2855,32.4279,53.688,7
Unknown,Turkey,2020,3,63.5968,38.9637,35.2433,8
Unknown,Belgium,2020,3,46.5347,50.8333,4.4699,9
Unknown,Switzerland,2020,3,44.6972,46.8182,8.2275,10
Unknown,Netherlands,2020,3,41.421,52.1326,5.2913,11
Unknown,Austria,2020,3,31.0198,47.5162,14.5501,12
Unknown,Portugal,2020,3,29.1004,39.3999,-8.2245,13
Unknown,Israel,2020,3,22.6774,31.0461,34.8516,14
Unknown,Brazil,2020,3,21.9254,-14.235,-51.9253,15
Quebec,Canada,2020,3,20.4758,52.9399,-73.5491,16
Unknown,Sweden,2020,3,12.2056,60.1282,18.6435,17
Ontario,Canada,2020,3,11.6597,51.2538,-85.3232,18
Unknown,Ireland,2020,3,11.4786,53.1424,-7.6921,19
Unknown,Czechia,2020,3,10.8645,49.8175,15.473,20
Unknown,Chile,2020,3,10.7815,-35.6751,-71.543,21
Unknown,Russia,2020,3,10.1605,61.524,105.3188,22
Unknown,Norway,2020,3,9.2875,60.472,8.4689,23
Unknown,Philippines,2020,3,8.8452,12.8797,121.774,24
Unknown,Romania,2020,3,8.5609,45.9432,24.9668,25
Unknown,Poland,2020,3,8.3677,51.9194,19.1451,26
Unknown,Ecuador,2020,3,7.8109,-1.8312,-78.1834,27
Unknown,Luxembourg,2020,3,7.1185,49.8153,6.1296,28
Unknown,Malaysia,2020,3,6.8766,4.2105,101.9758,29
New South Wales,Australia,2020,3,6.7802,-33.8688,151.2093,30
Unknown,Pakistan,2020,3,6.5552,30.3753,69.3451,31
Unknown,Denmark,2020,3,6.0456,56.2639,9.5018,32
Unknown,Thailand,2020,3,5.4714,15.87,100.9925,33
Unknown,Saudi Arabia,2020,3,5.1379,23.8859,45.0792,34
Unknown,Indonesia,2020,3,5.031,-0.7893,113.9213,35
Unknown,India,2020,3,4.8972,20.5937,78.9629,36
Unknown,Dominican Republic,2020,3,4.679,18.7357,-70.1627,37
Unknown,Panama,2020,3,4.669,8.538,-80.7821,38
Unknown,South Africa,2020,3,4.627,-30.5595,22.9375,39
Unknown,Mexico,2020,3,4.5871,23.6345,-102.5528,40
Unknown,Japan,2020,3,4.3169,36.2048,138.2529,41
Unknown,Argentina,2020,3,4.1673,-38.4161,-63.6167,42
Unknown,Finland,2020,3,4.0085,61.9241,25.7482,43
Unknown,Peru,2020,3,3.7653,-9.19,-75.0152,44
Unknown,Serbia,2020,3,3.4415,44.0165,21.0059,45
Unknown,Colombia,2020,3,3.3492,4.5709,-74.2973,46
Victoria,Australia,2020,3,3.1665,-37.8136,144.9631,47
Unknown,Croatia,2020,3,3.0476,45.1,15.2,48
Unknown,Ukraine,2020,3,2.9258,48.3794,31.1656,49
British Columbia,Canada,2020,3,2.9073,53.7267,-127.6476,50
Unknown,Russia,2020,4,247.016,61.524,105.3188,1
Unknown,Brazil,2020,4,171.6525,-14.235,-51.9253,2
Unknown,Peru,2020,4,79.0329,-9.19,-75.0152,3
Unknown,Saudi Arabia,2020,4,50.3844,23.8859,45.0792,4
Unknown,India,2020,4,50.2897,20.5937,78.9629,5
Unknown,Ecuador,2020,4,43.5132,-1.8312,-78.1834,6
Unknown,Mexico,2020,4,38.2983,23.6345,-102.5528,7
Unknown,Singapore,2020,4,33.4138,1.2833,103.8333,8
Unknown,Belarus,2020,4,30.7313,53.7098,27.9534,9
Unknown,Pakistan,2020,4,28.9535,30.3753,69.3451,10
Unknown,Qatar,2020,4,27.7326,25.3548,51.1839,11
Unknown,Bangladesh,2020,4,21.9333,23.685,90.3563,12
Unknown,Ukraine,2020,4,14.7829,48.3794,31.1656,13
Unknown,Chile,2020,4,13.4398,-35.6751,-71.543,14
Unknown,United Arab Emirates,2020,4,12.1288,23.4241,53.8478,15
Unknown,South Africa,2020,4,8.4997,-30.5595,22.9375,16
Alberta,Canada,2020,4,7.5219,53.9333,-116.5765,17
Unknown,Kuwait,2020,4,6.7606,29.3117,47.4818,18
Unknown,Indonesia,2020,4,6.2363,-0.7893,113.9213,19
Unknown,Sweden,2020,4,6.0372,60.1282,18.6435,20
Unknown,Egypt,2020,4,5.6652,26.8206,30.8025,21
Unknown,Nigeria,2020,4,5.5161,9.082,8.6753,22
Unknown,Colombia,2020,4,5.469,4.5709,-74.2973,23
Unknown,Kazakhstan,2020,4,5.1103,48.0196,66.9237,24
Quebec,Canada,2020,4,4.9112,52.9399,-73.5491,25
Unknown,Ghana,2020,4,4.6507,7.9465,-1.0232,26
Unknown,United Kingdom,2020,4,4.4318,55.3781,-3.436,27
Unknown,Dominican Republic,2020,4,3.6549,18.7357,-70.1627,28
Unknown,Guinea,2020,4,3.3533,9.9456,-9.6966,29
Unknown,Oman,2020,4,3.1039,21.5126,55.9233,30
Unknown,Bahrain,2020,4,2.9657,26.0275,50.55,31
Unknown,Argentina,2020,4,2.8214,-38.4161,-63.6167,32
Unknown,Panama,2020,4,2.5288,8.538,-80.7821,33
Unknown,Morocco,2020,4,2.5077,31.7917,-7.0926,34
Unknown,Afghanistan,2020,4,2.4799,33.9391,67.71,35
Unknown,Maldives,2020,4,2.2229,3.2028,73.2207,36
Unknown,Senegal,2020,4,2.2131,14.4974,-14.4524,37
Unknown,Bolivia,2020,4,2.1531,-16.2902,-63.5887,38
Unknown,Somalia,2020,4,1.8127,5.1521,46.1996,39
Unknown,Bulgaria,2020,4,1.4854,42.7339,25.4858,40
Unknown,Sri Lanka,2020,4,1.4607,7.8731,80.7718,41
Unknown,Armenia,2020,4,1.4354,40.0691,45.0382,42
Unknown,Tanzania,2020,4,1.3973,-6.369,34.8888,43
Unknown,Sudan,2020,4,1.3424,12.8628,30.2176,44
Unknown,Algeria,2020,4,1.325,28.0339,1.6596,45
Unknown,Moldova,2020,4,1.2481,47.4116,28.3699,46
Unknown,Serbia,2020,4,1.1989,44.0165,21.0059,47
Unknown,Guatemala,2020,4,1.1228,15.7835,-90.2308,48
Unknown,Equatorial Guinea,2020,4,0.9742,1.6508,10.2679,49
Unknown,Mali,2020,4,0.9357,17.5707,-3.9962,50
Unknown,Brazil,2020,5,635.9839,-14.235,-51.9253,1
Unknown,India,2020,5,195.2399,20.5937,78.9629,2
Unknown,Chile,2020,5,193.2319,-35.6751,-71.543,3
Unknown,Peru,2020,5,134.5565,-9.19,-75.0152,4
Unknown,Mexico,2020,5,72.0327,23.6345,-102.5528,5
Unknown,Bangladesh,2020,5,55.7024,23.685,90.3563,6
Unknown,Iran,2020,5,46.3984,32.4279,53.688,7
Unknown,Pakistan,2020,5,46.2637,30.3753,69.3451,8
Unknown,South Africa,2020,5,44.4593,-30.5595,22.9375,9
Unknown,Qatar,2020,5,43.146,25.3548,51.1839,10
Unknown,Egypt,2020,5,31.7831,26.8206,30.8025,11
Unknown,Colombia,2020,5,30.4512,4.5709,-74.2973,12
Unknown,Argentina,2020,5,24.3871,-38.4161,-63.6167,13
Unknown,Oman,2020,5,19.7653,21.5126,55.9233,14
Unknown,Afghanistan,2020,5,19.1794,33.9391,67.71,15
Unknown,Kuwait,2020,5,19.0452,29.3117,47.4818,16
Unknown,Saudi Arabia,2020,5,18.2302,23.8859,45.0792,17
Unknown,Bolivia,2020,5,15.946,-16.2902,-63.5887,18
Unknown,Philippines,2020,5,12.2008,12.8797,121.774,19
Unknown,Indonesia,2020,5,11.7593,-0.7893,113.9213,20
Unknown,Armenia,2020,5,11.3133,40.0691,45.0382,21
Unknown,Guatemala,2020,5,9.3851,15.7835,-90.2308,22
Unknown,Kazakhstan,2020,5,8.8698,48.0196,66.9237,23
Unknown,Iraq,2020,5,8.8649,33.2232,43.6793,24
Unknown,United Arab Emirates,2020,5,8.6456,23.4241,53.8478,25
Unknown,Bahrain,2020,5,7.0427,26.0275,50.55,26
Unknown,Panama,2020,5,6.7048,8.538,-80.7821,27
Unknown,Djibouti,2020,5,6.3488,11.8251,42.5903,28
Unknown,Azerbaijan,2020,5,5.4048,40.1431,47.5769,29
Unknown,Tajikistan,2020,5,5.3387,38.861,71.2761,30
Unknown,Nepal,2020,5,5.0403,28.1667,84.25,31
Unknown,Cameroon,2020,5,5.0161,3.848,11.5021,32
Unknown,Haiti,2020,5,4.5798,18.9712,-72.2852,33
Unknown,Nigeria,2020,5,4.3169,9.082,8.6753,34
Unknown,Sudan,2020,5,4.3024,12.8628,30.2176,35
Unknown,Congo (Kinshasa),2020,5,3.8194,-4.0383,21.7587,36
Unknown,Nicaragua,2020,5,3.4738,12.8654,-85.2072,37
Unknown,Honduras,2020,5,3.4157,15.2,-86.2419,38
Unknown,Ethiopia,2020,5,3.2032,9.145,40.4897,39
Unknown,Kenya,2020,5,3.048,-0.0236,37.9062,40
Unknown,Venezuela,2020,5,2.7274,6.4238,-66.5897,41
Unknown,Moldova,2020,5,2.673,47.4116,28.3699,42
Unknown,Gabon,2020,5,2.3125,-0.8037,11.6094,43
Unknown,Central African Republic,2020,5,2.2528,6.6111,20.9394,44
Ontario,Canada,2020,5,2.0282,51.2538,-85.3232,45
Unknown,Poland,2020,5,2.027,51.9194,19.1451,46
Unknown,El Salvador,2020,5,1.9899,13.7942,-88.8965,47
Unknown,Dominican Republic,2020,5,1.9109,18.7357,-70.1627,48
Unknown,Mauritania,2020,5,1.8319,21.0079,-10.9408,49
Unknown,South Sudan,2020,5,1.7657,6.877,31.307,50
Unknown,US,2020,6,944.8654,40.0,-100.0,1
Unknown,Brazil,2020,6,442.38,-14.235,-51.9253,2
Unknown,India,2020,6,394.6932,20.5937,78.9629,3
Unknown,South Africa,2020,6,176.2723,-30.5595,22.9375,4
Unknown,Colombia,2020,6,87.5455,4.5709,-74.2973,5
Unknown,Argentina,2020,6,68.2102,-38.4161,-63.6167,6
Unknown,Saudi Arabia,2020,6,58.0427,23.8859,45.0792,7
Unknown,Mexico,2020,6,56.3148,23.6345,-102.5528,8
Unknown,Iraq,2020,6,54.5722,33.2232,43.6793,9
Unknown,Bangladesh,2020,6,45.4056,23.685,90.3563,10
Unknown,Honduras,2020,6,27.0999,15.2,-86.2419,11
Unknown,Turkey,2020,6,20.5259,38.9637,35.2433,12
Unknown,Indonesia,2020,6,20.4534,-0.7893,113.9213,13
Unknown,Bolivia,2020,6,19.9669,-16.2902,-63.5887,14
Unknown,Panama,2020,6,19.5491,8.538,-80.7821,15
Unknown,Israel,2020,6,17.5522,31.0461,34.8516,16
Unknown,Oman,2020,6,15.2776,21.5126,55.9233,17
Unknown,Dominican Republic,2020,6,14.8941,18.7357,-70.1627,18
Unknown,Ukraine,2020,6,14.8534,48.3794,31.1656,19
Unknown,Philippines,2020,6,13.483,12.8797,121.774,20
Unknown,Kazakhstan,2020,6,11.8389,48.0196,66.9237,21
Unknown,Azerbaijan,2020,6,11.006,40.1431,47.5769,22
Unknown,Guatemala,2020,6,10.9902,15.7835,-90.2308,23
Unknown,Nigeria,2020,6,10.8614,9.082,8.6753,24
Unknown,Morocco,2020,6,10.2567,31.7917,-7.0926,25
Unknown,Kyrgyzstan,2020,6,10.1642,41.2044,74.7661,26
Unknown,Nepal,2020,6,10.093,28.1667,84.25,27
Unknown,Ghana,2020,6,9.4627,7.9465,-1.0232,28
Unknown,West Bank and Gaza,2020,6,8.0943,31.9522,35.2332,29
Unknown,Germany,2020,6,7.9264,51.1657,10.4515,30
Unknown,Romania,2020,6,7.675,45.9432,24.9668,31
French Guiana,France,2020,6,7.5726,3.9339,-53.1258,32
Unknown,Uzbekistan,2020,6,6.9962,41.3775,64.5853,33
Unknown,Egypt,2020,6,6.343,26.8206,30.8025,34
Unknown,Serbia,2020,6,6.2274,44.0165,21.0059,35
Unknown,Algeria,2020,6,6.208,28.0339,1.6596,36
Unknown,El Salvador,2020,6,6.0073,13.7942,-88.8965,37
Unknown,Ecuador,2020,6,5.2823,-1.8312,-78.1834,38
Unknown,Czechia,2020,6,5.2432,49.8175,15.473,39
Unknown,Cote d'Ivoire,2020,6,5.0363,7.54,-5.5471,40
Unknown,Costa Rica,2020,6,4.7197,9.7489,-83.7534,41
Unknown,Venezuela,2020,6,4.6296,6.4238,-66.5897,42
Unknown,Bosnia and Herzegovina,2020,6,4.5604,43.9159,17.6791,43
Unknown,Armenia,2020,6,4.2372,40.0691,45.0382,44
Unknown,Kenya,2020,6,3.6921,-0.0236,37.9062,45
Unknown,Mauritania,2020,6,3.6759,21.0079,-10.9408,46
Unknown,Bulgaria,2020,6,3.576,42.7339,25.4858,47
Unknown,Paraguay,2020,6,3.2309,-23.4425,-58.4438,48
Unknown,Kosovo,2020,6,3.1353,42.6026,20.903,49
Unknown,Moldova,2020,6,2.8592,47.4116,28.3699,50
Unknown,India,2020,7,1245.3004,20.5937,78.9629,1
Unknown,US,2020,7,504.9968,40.0,-100.0,2
Unknown,Brazil,2020,7,426.5407,-14.235,-51.9253,3
Unknown,Colombia,2020,7,207.8883,4.5709,-74.2973,4
Unknown,Argentina,2020,7,120.9722,-38.4161,-63.6167,5
Unknown,Spain,2020,7,89.1641,40.4637,-3.7492,6
Unknown,Peru,2020,7,54.9742,-9.19,-75.0152,7
Unknown,Philippines,2020,7,43.1226,12.8797,121.774,8
Unknown,South Africa,2020,7,40.7847,-30.5595,22.9375,9
Unknown,Japan,2020,7,36.102,36.2048,138.2529,10
Unknown,Romania,2020,7,34.3552,45.9432,24.9668,11
Unknown,Mexico,2020,7,31.3665,23.6345,-102.5528,12
Unknown,Israel,2020,7,27.7464,31.0461,34.8516,13
Unknown,France,2020,7,27.427,46.2276,2.2137,14
Unknown,Ethiopia,2020,7,27.1081,9.145,40.4897,15
Unknown,Dominican Republic,2020,7,23.9798,18.7357,-70.1627,16
Unknown,Kyrgyzstan,2020,7,23.3661,41.2044,74.7661,17
Unknown,Iraq,2020,7,20.2935,33.2232,43.6793,18
Unknown,Morocco,2020,7,18.7879,31.7917,-7.0926,19
Unknown,Belgium,2020,7,17.0492,50.8333,4.4699,20
Unknown,Kenya,2020,7,15.7411,-0.0236,37.9062,21
Unknown,Indonesia,2020,7,14.3786,-0.7893,113.9213,22
Victoria,Australia,2020,7,14.0819,-37.8136,144.9631,23
Unknown,Venezuela,2020,7,13.9875,6.4238,-66.5897,24
Unknown,United Kingdom,2020,7,13.9109,55.3781,-3.436,25
Unknown,Uzbekistan,2020,7,13.0782,41.3775,64.5853,26
Unknown,Zambia,2020,7,11.5871,-13.1339,27.8493,27
Unknown,Germany,2020,7,11.5597,51.1657,10.4515,28
Unknown,Costa Rica,2020,7,11.0762,9.7489,-83.7534,29
Unknown,Bolivia,2020,7,10.7202,-16.2902,-63.5887,30
Unknown,Ukraine,2020,7,9.5774,48.3794,31.1656,31
Unknown,Poland,2020,7,9.4036,51.9194,19.1451,32
Unknown,Netherlands,2020,7,9.3899,52.1326,5.2913,33
Unknown,Singapore,2020,7,8.8097,1.2833,103.8333,34
Unknown,Algeria,2020,7,8.3157,28.0339,1.6596,35
Unknown,Bosnia and Herzegovina,2020,7,6.1214,43.9159,17.6791,36
Unknown,El Salvador,2020,7,6.0613,13.7942,-88.8965,37
Unknown,Madagascar,2020,7,5.7222,-18.7669,46.8691,38
Unknown,Czechia,2020,7,5.5452,49.8175,15.473,39
Unknown,Lebanon,2020,7,5.5415,33.8547,35.8623,40
Unknown,Libya,2020,7,5.0423,26.3351,17.2283,41
Hong Kong,China,2020,7,4.8157,22.3,114.2,42
Unknown,Paraguay,2020,7,4.6923,-23.4425,-58.4438,43
Unknown,Zimbabwe,2020,7,4.6194,-19.0154,29.1549,44
Unknown,Equatorial Guinea,2020,7,4.5444,1.6508,10.2679,45
Unknown,Moldova,2020,7,4.4452,47.4116,28.3699,46
Unknown,Kosovo,2020,7,3.5621,42.6026,20.903,47
Unknown,Serbia,2020,7,3.5569,44.0165,21.0059,48
Alberta,Canada,2020,7,3.4702,53.9333,-116.5765,49
Unknown,Italy,2020,7,3.4343,41.8719,12.5674,50
Unknown,India,2020,8,711.1629,20.5937,78.9629,1
Unknown,Spain,2020,8,231.6593,40.4637,-3.7492,2
Unknown,France,2020,8,153.2899,46.2276,2.2137,3
Unknown,Argentina,2020,8,124.648,-38.4161,-63.6167,4
Unknown,Iraq,2020,8,44.9762,33.2232,43.6793,5
Unknown,Ukraine,2020,8,42.0101,48.3794,31.1656,6
Unknown,Italy,2020,8,40.6681,41.8719,12.5674,7
Unknown,Ethiopia,2020,8,39.7133,9.145,40.4897,8
Unknown,Indonesia,2020,8,34.779,-0.7893,113.9213,9
Unknown,Nepal,2020,8,25.9524,28.1667,84.25,10
Unknown,Peru,2020,8,24.931,-9.19,-75.0152,11
Unknown,Germany,2020,8,20.0101,51.1657,10.4515,12
Unknown,United Kingdom,2020,8,18.5746,55.3781,-3.436,13
Unknown,Morocco,2020,8,17.596,31.7917,-7.0926,14
Unknown,Lebanon,2020,8,17.0778,33.8547,35.8623,15
Unknown,Paraguay,2020,8,16.3339,-23.4425,-58.4438,16
Unknown,Turkey,2020,8,16.2665,38.9637,35.2433,17
Unknown,Costa Rica,2020,8,15.0605,9.7489,-83.7534,18
Unknown,"Korea, South",2020,8,13.106,35.9078,127.7669,19
Unknown,Israel,2020,8,12.0383,31.0461,34.8516,20
Unknown,Croatia,2020,8,9.6919,45.1,15.2,21
Unknown,United Arab Emirates,2020,8,8.9032,23.4241,53.8478,22
Unknown,Honduras,2020,8,8.8379,15.2,-86.2419,23
Unknown,West Bank and Gaza,2020,8,8.725,31.9522,35.2332,24
Unknown,Libya,2020,8,8.2762,26.3351,17.2283,25
Unknown,Austria,2020,8,7.8101,47.5162,14.5501,26
Unknown,Namibia,2020,8,6.1512,-22.9576,18.4904,27
Unknown,Switzerland,2020,8,6.1109,46.8182,8.2275,28
Unknown,Czechia,2020,8,5.6254,49.8175,15.473,29
Unknown,Moldova,2020,8,5.3984,47.4116,28.3699,30
Unknown,Portugal,2020,8,5.1859,39.3999,-8.2245,31
Unknown,Jamaica,2020,8,4.6718,18.1096,-77.2975,32
Unknown,Tunisia,2020,8,4.6685,33.8869,9.5375,33
Unknown,Rwanda,2020,8,4.6661,-1.9403,29.8739,34
Unknown,Hungary,2020,8,4.477,47.1625,19.5033,35
Unknown,Greece,2020,8,4.0786,39.0742,21.8243,36
Unknown,Uganda,2020,8,3.9968,1.3733,32.2903,37
Unknown,Trinidad and Tobago,2020,8,3.4964,10.6918,-61.2225,38
Unknown,Belarus,2020,8,2.7911,53.7098,27.9534,39
Unknown,Bangladesh,2020,8,2.7847,23.685,90.3563,40
British Columbia,Canada,2020,8,2.719,53.7267,-127.6476,41
Reunion,France,2020,8,2.6726,-21.1151,55.5364,42
Guadeloupe,France,2020,8,2.596,16.265,-61.551,43
Alberta,Canada,2020,8,2.5931,53.9333,-116.5765,44
Unknown,Burma,2020,8,2.2359,21.9162,95.956,45
Unknown,Jordan,2020,8,2.1657,31.24,36.51,46
Unknown,Poland,2020,8,2.0153,51.9194,19.1451,47
Ontario,Canada,2020,8,1.9698,51.2538,-85.3232,48
Unknown,Slovakia,2020,8,1.8609,48.669,19.699,49
Unknown,Ireland,2020,8,1.7218,53.1424,-7.6921,50
Unknown,France,2020,9,190.9495,46.2276,2.2137,1
Unknown,United Kingdom,2020,9,179.994,55.3781,-3.436,2
Unknown,Spain,2020,9,141.3103,40.4637,-3.7492,3
Unknown,Israel,2020,9,137.2136,31.0461,34.8516,4
Unknown,Russia,2020,9,110.3775,61.524,105.3188,5
Unknown,US,2020,9,97.3568,40.0,-100.0,6
Unknown,Netherlands,2020,9,96.9775,52.1326,5.2913,7
Unknown,Iran,2020,9,71.8521,32.4279,53.688,8
Unknown,Argentina,2020,9,67.4932,-38.4161,-63.6167,9
Unknown,Czechia,2020,9,66.3744,49.8175,15.473,10
Unknown,Belgium,2020,9,51.6632,50.8333,4.4699,11
Unknown,Ukraine,2020,9,46.404,48.3794,31.1656,12
Unknown,Indonesia,2020,9,46.1139,-0.7893,113.9213,13
Unknown,Poland,2020,9,36.0436,51.9194,19.1451,14
Unknown,Jordan,2020,9,32.2022,31.24,36.51,15
Unknown,Burma,2020,9,30.9982,21.9162,95.956,16
Unknown,Tunisia,2020,9,29.83,33.8869,9.5375,17
Quebec,Canada,2020,9,29.0251,52.9399,-73.5491,18
Unknown,Ecuador,2020,9,28.8432,-1.8312,-78.1834,19
Unknown,Germany,2020,9,26.2741,51.1657,10.4515,20
Unknown,Lebanon,2020,9,25.7241,33.8547,35.8623,21
Unknown,Morocco,2020,9,25.3155,31.7917,-7.0926,22
Unknown,Hungary,2020,9,21.7228,47.1625,19.5033,23
Ontario,Canada,2020,9,18.3504,51.2538,-85.3232,24
Unknown,Austria,2020,9,15.8483,47.5162,14.5501,25
Unknown,Denmark,2020,9,15.7671,56.2639,9.5018,26
Unknown,Romania,2020,9,15.4162,45.9432,24.9668,27
Unknown,Italy,2020,9,15.3893,41.8719,12.5674,28
Unknown,Portugal,2020,9,14.473,39.3999,-8.2245,29
Unknown,Nepal,2020,9,13.8205,28.1667,84.25,30
Unknown,Sweden,2020,9,13.58,60.1282,18.6435,31
Unknown,Oman,2020,9,13.3675,21.5126,55.9233,32
Unknown,United Arab Emirates,2020,9,12.3237,23.4241,53.8478,33
Unknown,Slovakia,2020,9,11.8874,48.669,19.699,34
Unknown,Georgia,2020,9,11.3898,42.3154,43.3569,35
Unknown,Moldova,2020,9,9.3566,47.4116,28.3699,36
Unknown,Ireland,2020,9,8.8845,53.1424,-7.6921,37
Unknown,Pakistan,2020,9,8.7072,30.3753,69.3451,38
Unknown,Uzbekistan,2020,9,7.8545,41.3775,64.5853,39
Unknown,Armenia,2020,9,7.5773,40.0691,45.0382,40
Unknown,Belarus,2020,9,6.3177,53.7098,27.9534,41
Guadeloupe,France,2020,9,5.8618,16.265,-61.551,42
Unknown,Mozambique,2020,9,5.3909,-18.6657,35.5296,43
Unknown,Greece,2020,9,5.2316,39.0742,21.8243,44
Unknown,Montenegro,2020,9,4.398,42.7087,19.3744,45
Unknown,Slovenia,2020,9,3.8289,46.1512,14.9955,46
Unknown,Iraq,2020,9,3.3751,33.2232,43.6793,47
Unknown,Lithuania,2020,9,3.3464,55.1694,23.8813,48
Unknown,Uganda,2020,9,3.2692,1.3733,32.2903,49
Unknown,Malaysia,2020,9,3.2503,4.2105,101.9758,50
Unknown,US,2020,10,1576.5742,40.0,-100.0,1
Unknown,France,2020,10,1179.0702,46.2276,2.2137,2
Unknown,Italy,2020,10,932.4915,41.8719,12.5674,3
Unknown,Belgium,2020,10,638.554,50.8333,4.4699,4
Unknown,Poland,2020,10,628.65,51.9194,19.1451,5
Unknown,Germany,2020,10,511.252,51.1657,10.4515,6
Unknown,United Kingdom,2020,10,432.1278,55.3781,-3.436,7
Unknown,Spain,2020,10,408.8609,40.4637,-3.7492,8
Unknown,Czechia,2020,10,395.1089,49.8175,15.473,9
Unknown,Russia,2020,10,287.3799,61.524,105.3188,10
Unknown,Switzerland,2020,10,258.0621,46.8182,8.2275,11
Unknown,Netherlands,2020,10,217.6706,52.1326,5.2913,12
Unknown,Iran,2020,10,136.698,32.4279,53.688,13
Unknown,Ukraine,2020,10,126.4911,48.3794,31.1656,14
Unknown,Romania,2020,10,125.1468,45.9432,24.9668,15
Unknown,Portugal,2020,10,118.2286,39.3999,-8.2245,16
Unknown,Austria,2020,10,114.6706,47.5162,14.5501,17
Unknown,Colombia,2020,10,102.8032,4.5709,-74.2973,18
Unknown,Croatia,2020,10,83.2173,45.1,15.2,19
Unknown,Slovakia,2020,10,82.8423,48.669,19.699,20
Unknown,Jordan,2020,10,80.7492,31.24,36.51,21
Unknown,Bulgaria,2020,10,78.6379,42.7339,25.4858,22
Unknown,Slovenia,2020,10,72.6339,46.1512,14.9955,23
Unknown,Armenia,2020,10,72.5718,40.0691,45.0382,24
Unknown,Hungary,2020,10,70.7726,47.1625,19.5033,25
Unknown,Georgia,2020,10,57.444,42.3154,43.3569,26
Unknown,Sweden,2020,10,57.2065,60.1282,18.6435,27
Unknown,Bosnia and Herzegovina,2020,10,52.8915,43.9159,17.6791,28
Unknown,Morocco,2020,10,51.231,31.7917,-7.0926,29
Unknown,Serbia,2020,10,43.4806,44.0165,21.0059,30
Unknown,Greece,2020,10,41.1988,39.0742,21.8243,31
Unknown,Azerbaijan,2020,10,33.8734,40.1431,47.5769,32
Unknown,Turkey,2020,10,31.6355,38.9637,35.2433,33
Unknown,Kenya,2020,10,30.5258,-0.0236,37.9062,34
Unknown,Lithuania,2020,10,26.7254,55.1694,23.8813,35
Unknown,Denmark,2020,10,24.5181,56.2639,9.5018,36
Unknown,Tunisia,2020,10,24.0907,33.8869,9.5375,37
Unknown,North Macedonia,2020,10,21.6044,41.6086,21.7453,38
Unknown,Belarus,2020,10,21.4492,53.7098,27.9534,39
Unknown,Malaysia,2020,10,20.9742,4.2105,101.9758,40
Unknown,Luxembourg,2020,10,20.2298,49.8153,6.1296,41
Unknown,Sri Lanka,2020,10,14.8589,7.8731,80.7718,42
Unknown,Kyrgyzstan,2020,10,14.7379,41.2044,74.7661,43
Unknown,Lebanon,2020,10,14.0113,33.8547,35.8623,44
Unknown,Ecuador,2020,10,13.0012,-1.8312,-78.1834,45
Unknown,Ireland,2020,10,12.1577,53.1424,-7.6921,46
Unknown,Pakistan,2020,10,11.954,30.3753,69.3451,47
Ontario,Canada,2020,10,11.5383,51.2538,-85.3232,48
Alberta,Canada,2020,10,11.1375,53.9333,-116.5765,49
Unknown,United Arab Emirates,2020,10,9.327,23.4241,53.8478,50
Unknown,US,2020,11,2518.5076,40.0,-100.0,1
Unknown,Turkey,2020,11,954.7964,38.9637,35.2433,2
Unknown,Brazil,2020,11,696.7533,-14.235,-51.9253,3
Unknown,Russia,2020,11,285.8556,61.524,105.3188,4
Unknown,Serbia,2020,11,223.2276,44.0165,21.0059,5
Unknown,Ukraine,2020,11,213.3693,48.3794,31.1656,6
Unknown,Iran,2020,11,212.723,32.4279,53.688,7
Unknown,Mexico,2020,11,146.7059,23.6345,-102.5528,8
Unknown,Azerbaijan,2020,11,109.1602,40.1431,47.5769,9
Unknown,Indonesia,2020,11,81.5175,-0.7893,113.9213,10
Unknown,Georgia,2020,11,71.4572,42.3154,43.3569,11
Unknown,Pakistan,2020,11,70.6843,30.3753,69.3451,12
Unknown,South Africa,2020,11,61.1511,-30.5595,22.9375,13
Unknown,Japan,2020,11,56.7486,36.2048,138.2529,14
Unknown,West Bank and Gaza,2020,11,53.2937,31.9522,35.2332,15
Unknown,Hungary,2020,11,52.095,47.1625,19.5033,16
Unknown,Croatia,2020,11,47.4754,45.1,15.2,17
Unknown,Lithuania,2020,11,34.9929,55.1694,23.8813,18
Alberta,Canada,2020,11,34.786,53.9333,-116.5765,19
Unknown,Belarus,2020,11,28.9159,53.7098,27.9534,20
Unknown,Panama,2020,11,28.8988,8.538,-80.7821,21
Unknown,Bangladesh,2020,11,27.7086,23.685,90.3563,22
Unknown,Germany,2020,11,27.317,51.1657,10.4515,23
Unknown,Algeria,2020,11,24.6316,28.0339,1.6596,24
Ontario,Canada,2020,11,21.6983,51.2538,-85.3232,25
Unknown,Moldova,2020,11,20.9504,47.4116,28.3699,26
Unknown,Burma,2020,11,18.5386,21.9162,95.956,27
British Columbia,Canada,2020,11,17.4067,53.7267,-127.6476,28
Unknown,Portugal,2020,11,16.6216,39.3999,-8.2245,29
Unknown,Dominican Republic,2020,11,16.5001,18.7357,-70.1627,30
Unknown,"Korea, South",2020,11,15.4374,35.9078,127.7669,31
Unknown,Israel,2020,11,12.9491,31.0461,34.8516,32
Unknown,Albania,2020,11,12.5742,41.1533,20.1683,33
Unknown,Kazakhstan,2020,11,12.2065,48.0196,66.9237,34
Unknown,Sweden,2020,11,11.2436,60.1282,18.6435,35
Unknown,Malaysia,2020,11,10.9355,4.2105,101.9758,36
Unknown,Costa Rica,2020,11,10.713,9.7489,-83.7534,37
Unknown,Finland,2020,11,10.4727,61.9241,25.7482,38
Unknown,Latvia,2020,11,10.3001,56.8796,24.6032,39
Unknown,Paraguay,2020,11,9.4423,-23.4425,-58.4438,40
Unknown,Sudan,2020,11,8.9333,12.8628,30.2176,41
Unknown,Estonia,2020,11,8.8549,58.5953,25.0136,42
Unknown,Denmark,2020,11,8.081,56.2639,9.5018,43
Saskatchewan,Canada,2020,11,8.0725,52.9399,-106.4509,44
Unknown,Egypt,2020,11,7.5061,26.8206,30.8025,45
Unknown,Ecuador,2020,11,6.261,-1.8312,-78.1834,46
Quebec,Canada,2020,11,6.1166,52.9399,-73.5491,47
Unknown,Afghanistan,2020,11,5.255,33.9391,67.71,48
Unknown,Ethiopia,2020,11,4.9942,9.145,40.4897,49
Unknown,Kosovo,2020,11,4.7493,42.6026,20.903,50
Unknown,United Kingdom,2020,12,1239.2971,55.3781,-3.436,1
Unknown,South Africa,2020,12,371.6613,-30.5595,22.9375,2
Unknown,Czechia,2020,12,243.6089,49.8175,15.473,3
Unknown,Spain,2020,12,204.5512,40.4637,-3.7492,4
Unknown,Colombia,2020,12,184.5496,4.5709,-74.2973,5
Unknown,Israel,2020,12,143.1569,31.0461,34.8516,6
Unknown,Slovakia,2020,12,135.8282,48.669,19.699,7
Unknown,Netherlands,2020,12,131.804,52.1326,5.2913,8
Unknown,France,2020,12,128.0516,46.2276,2.2137,9
Unknown,Argentina,2020,12,96.5448,-38.4161,-63.6167,10
Unknown,Germany,2020,12,94.2367,51.1657,10.4515,11
Unknown,Panama,2020,12,62.0746,8.538,-80.7821,12
Unknown,Indonesia,2020,12,56.5056,-0.7893,113.9213,13
Unknown,Japan,2020,12,51.3536,36.2048,138.2529,14
Unknown,Ireland,2020,12,42.2827,53.1424,-7.6921,15
Unknown,Bolivia,2020,12,38.3637,-16.2902,-63.5887,16
Unknown,Lebanon,2020,12,37.469,33.8547,35.8623,17
Ontario,Canada,2020,12,36.344,51.2538,-85.3232,18
Quebec,Canada,2020,12,35.6915,52.9399,-73.5491,19
Unknown,Egypt,2020,12,35.4024,26.8206,30.8025,20
Unknown,Chile,2020,12,32.9109,-35.6751,-71.543,21
Unknown,Russia,2020,12,30.004,61.524,105.3188,22
Unknown,Tunisia,2020,12,29.9036,33.8869,9.5375,23
Unknown,Denmark,2020,12,29.3286,56.2639,9.5018,24
Unknown,Malaysia,2020,12,23.7548,4.2105,101.9758,25
Unknown,Peru,2020,12,22.4226,-9.19,-75.0152,26
Unknown,Nigeria,2020,12,22.3032,9.082,8.6753,27
Unknown,Lithuania,2020,12,19.429,55.1694,23.8813,28
Unknown,"Korea, South",2020,12,18.0778,35.9078,127.7669,29
Unknown,Namibia,2020,12,15.9548,-22.9576,18.4904,30
Unknown,Latvia,2020,12,14.0641,56.8796,24.6032,31
Unknown,Uruguay,2020,12,14.0242,-32.5228,-55.7658,32
Unknown,Dominican Republic,2020,12,11.1089,18.7357,-70.1627,33
Unknown,Cyprus,2020,12,8.4843,35.1264,33.4299,34
Unknown,Estonia,2020,12,7.8819,58.5953,25.0136,35
Unknown,Thailand,2020,12,7.7298,15.87,100.9925,36
Unknown,Eswatini,2020,12,7.4794,-26.5225,31.4659,37
Unknown,Zambia,2020,12,6.7867,-13.1339,27.8493,38
Unknown,Norway,2020,12,6.6484,60.472,8.4689,39
Unknown,Belarus,2020,12,5.4073,53.7098,27.9534,40
Unknown,Portugal,2020,12,4.5597,39.3999,-8.2245,41
Unknown,United Arab Emirates,2020,12,4.1133,23.4241,53.8478,42
Unknown,Congo (Kinshasa),2020,12,3.4819,-4.0383,21.7587,43
Gibraltar,United Kingdom,2020,12,3.3633,36.1408,-5.3536,44
Unknown,Cuba,2020,12,3.3218,21.5218,-77.7812,45
Unknown,Costa Rica,2020,12,3.029,9.7489,-83.7534,46
Unknown,Switzerland,2020,12,2.9573,46.8182,8.2275,47
Unknown,Burkina Faso,2020,12,2.8169,12.2383,-1.5616,48
Unknown,Senegal,2020,12,2.8125,14.4974,-14.4524,49
Unknown,Rwanda,2020,12,2.6496,-1.9403,29.8739,50
Unknown,Spain,2021,1,658.5052,40.4637,-3.7492,1
Unknown,Brazil,2021,1,454.1996,-14.235,-51.9253,2
Unknown,Portugal,2021,1,275.746,39.3999,-8.2245,3
Unknown,France,2021,1,272.2266,46.2276,2.2137,4
Unknown,Mexico,2021,1,228.725,23.6345,-102.5528,5
Unknown,Peru,2021,1,226.9052,-9.19,-75.0152,6
Unknown,Indonesia,2021,1,200.3734,-0.7893,113.9213,7
Unknown,Malaysia,2021,1,96.9286,4.2105,101.9758,8
Unknown,United Arab Emirates,2021,1,65.7996,23.4241,53.8478,9
Unknown,Chile,2021,1,42.9145,-35.6751,-71.543,10
Unknown,Bolivia,2021,1,37.4319,-16.2902,-63.5887,11
Unknown,Ghana,2021,1,32.3726,7.9465,-1.0232,12
Unknown,Belgium,2021,1,30.7778,50.8333,4.4699,13
Unknown,Ecuador,2021,1,30.4214,-1.8312,-78.1834,14
Unknown,Kazakhstan,2021,1,30.0734,48.0196,66.9237,15
Unknown,Malawi,2021,1,26.9855,-13.2543,34.3015,16
Unknown,Mozambique,2021,1,26.844,-18.6657,35.5296,17
Unknown,Zambia,2021,1,26.5887,-13.1339,27.8493,18
Unknown,Philippines,2021,1,21.019,12.8797,121.774,19
Unknown,Cuba,2021,1,20.3681,21.5218,-77.7812,20
Unknown,Dominican Republic,2021,1,18.1327,18.7357,-70.1627,21
Unknown,Honduras,2021,1,17.3399,15.2,-86.2419,22
Unknown,Albania,2021,1,14.7617,41.1533,20.1683,23
Unknown,Sri Lanka,2021,1,14.2395,7.8731,80.7718,24
Unknown,Thailand,2021,1,12.9056,15.87,100.9925,25
Unknown,Guatemala,2021,1,11.3302,15.7835,-90.2308,26
Unknown,Nigeria,2021,1,10.9528,9.082,8.6753,27
Unknown,Libya,2021,1,10.7524,26.3351,17.2283,28
Unknown,Venezuela,2021,1,9.0879,6.4238,-66.5897,29
Unknown,Rwanda,2021,1,8.7641,-1.9403,29.8739,30
Unknown,Kuwait,2021,1,8.4847,29.3117,47.4818,31
Unknown,Iran,2021,1,8.4278,32.4279,53.688,32
Unknown,Bahrain,2021,1,6.5734,26.0275,50.55,33
Unknown,Saudi Arabia,2021,1,5.8649,23.8859,45.0792,34
Unknown,Finland,2021,1,5.8335,61.9241,25.7482,35
Unknown,Ethiopia,2021,1,5.6254,9.145,40.4897,36
Unknown,Cote d'Ivoire,2021,1,5.604,7.54,-5.5471,37
Unknown,Qatar,2021,1,5.1234,25.3548,51.1839,38
Mayotte,France,2021,1,4.2085,-12.8275,45.1662,39
Unknown,Kosovo,2021,1,4.1911,42.6026,20.903,40
Unknown,Maldives,2021,1,3.3044,3.2028,73.2207,41
Unknown,Greece,2021,1,3.2746,39.0742,21.8243,42
Unknown,Senegal,2021,1,2.7452,14.4974,-14.4524,43
Unknown,Madagascar,2021,1,2.629,-18.7669,46.8691,44
Unknown,Botswana,2021,1,2.6145,-22.3285,24.6849,45
Unknown,Haiti,2021,1,2.3403,18.9712,-72.2852,46
Unknown,Montenegro,2021,1,2.127,42.7087,19.3744,47
Unknown,Iraq,2021,1,2.0968,33.2232,43.6793,48
Unknown,Gabon,2021,1,2.0891,-0.8037,11.6094,49
Unknown,Moldova,2021,1,2.0548,47.4116,28.3699,50
Unknown,Brazil,2021,2,343.7849,-14.235,-51.9253,1
Unknown,Italy,2021,2,247.644,41.8719,12.5674,2
Unknown,Poland,2021,2,241.0446,51.9194,19.1451,3
Unknown,Czechia,2021,2,236.012,49.8175,15.473,4
Unknown,India,2021,2,202.9225,20.5937,78.9629,5
Unknown,France,2021,2,196.5523,46.2276,2.2137,6
Unknown,Ukraine,2021,2,140.1855,48.3794,31.1656,7
Unknown,Iraq,2021,2,125.1962,33.2232,43.6793,8
Unknown,Hungary,2021,2,122.0709,47.1625,19.5033,9
Unknown,Jordan,2021,2,117.8049,31.24,36.51,10
Unknown,Serbia,2021,2,63.1182,44.0165,21.0059,11
Unknown,Iran,2021,2,57.3487,32.4279,53.688,12
Unknown,Netherlands,2021,2,43.1289,52.1326,5.2913,13
Unknown,Romania,2021,2,40.1481,45.9432,24.9668,14
Unknown,Turkey,2021,2,39.8755,38.9637,35.2433,15
Unknown,West Bank and Gaza,2021,2,38.9392,31.9522,35.2332,16
Unknown,Peru,2021,2,38.7247,-9.19,-75.0152,17
Unknown,Austria,2021,2,34.9091,47.5162,14.5501,18
Unknown,Ecuador,2021,2,34.4721,-1.8312,-78.1834,19
Unknown,Slovakia,2021,2,31.1814,48.669,19.699,20
Unknown,Estonia,2021,2,28.6973,58.5953,25.0136,21
Unknown,Philippines,2021,2,26.4023,12.8797,121.774,22
Unknown,Moldova,2021,2,25.645,47.4116,28.3699,23
Unknown,Greece,2021,2,24.7879,39.0742,21.8243,24
Unknown,Bulgaria,2021,2,23.5889,42.7339,25.4858,25
Unknown,Belgium,2021,2,22.0405,50.8333,4.4699,26
Unknown,Paraguay,2021,2,19.1125,-23.4425,-58.4438,27
Unknown,Ethiopia,2021,2,13.4226,9.145,40.4897,28
Unknown,Uruguay,2021,2,11.4696,-32.5228,-55.7658,29
Unknown,Chile,2021,2,10.3722,-35.6751,-71.543,30
Unknown,Finland,2021,2,9.217,61.9241,25.7482,31
Unknown,North Macedonia,2021,2,9.1325,41.6086,21.7453,32
Unknown,Somalia,2021,2,8.2559,5.1521,46.1996,33
Unknown,Oman,2021,2,6.9475,21.5126,55.9233,34
Unknown,Kenya,2021,2,5.4105,-0.0236,37.9062,35
Unknown,Kuwait,2021,2,5.2542,29.3117,47.4818,36
Unknown,South Sudan,2021,2,5.0402,6.877,31.307,37
Unknown,Malta,2021,2,4.7211,35.9375,14.3754,38
Unknown,Armenia,2021,2,4.6765,40.0691,45.0382,39
Unknown,Jamaica,2021,2,4.3498,18.1096,-77.2975,40
Unknown,Cameroon,2021,2,3.7014,3.848,11.5021,41
Unknown,Egypt,2021,2,3.5969,26.8206,30.8025,42
Unknown,Azerbaijan,2021,2,3.5156,40.1431,47.5769,43
Unknown,Namibia,2021,2,3.4776,-22.9576,18.4904,44
Unknown,Denmark,2021,2,3.471,56.2639,9.5018,45
Unknown,Norway,2021,2,3.1801,60.472,8.4689,46
Unknown,Guinea,2021,2,3.0947,9.9456,-9.6966,47
Guadeloupe,France,2021,2,2.9135,16.265,-61.551,48
Unknown,Qatar,2021,2,2.6576,25.3548,51.1839,49
Reunion,France,2021,2,2.4915,-21.1151,55.5364,50
Unknown,India,2021,3,1912.5814,20.5937,78.9629,1
Unknown,Turkey,2021,3,877.1121,38.9637,35.2433,2
Unknown,France,2021,3,766.2218,46.2276,2.2137,3
Unknown,Poland,2021,3,670.1532,51.9194,19.1451,4
Unknown,Brazil,2021,3,452.6222,-14.235,-51.9253,5
Unknown,Germany,2021,3,339.6262,51.1657,10.4515,6
Unknown,Philippines,2021,3,265.1125,12.8797,121.774,7
Unknown,Ukraine,2021,3,261.1855,48.3794,31.1656,8
Unknown,US,2021,3,244.6081,40.0,-100.0,9
Unknown,Spain,2021,3,204.7802,40.4637,-3.7492,10
Unknown,Argentina,2021,3,192.6815,-38.4161,-63.6167,11
Unknown,Colombia,2021,3,167.5948,4.5709,-74.2973,12
Unknown,Bangladesh,2021,3,157.529,23.685,90.3563,13
Unknown,Hungary,2021,3,126.9528,47.1625,19.5033,14
Unknown,Pakistan,2021,3,126.2355,30.3753,69.3451,15
Unknown,Peru,2021,3,125.3113,-9.19,-75.0152,16
Unknown,Netherlands,2021,3,120.5492,52.1326,5.2913,17
Unknown,Belgium,2021,3,108.9823,50.8333,4.4699,18
Unknown,Chile,2021,3,95.0952,-35.6751,-71.543,19
Unknown,Romania,2021,3,81.6093,45.9432,24.9668,20
Unknown,Jordan,2021,3,76.5286,31.24,36.51,21
Unknown,Uruguay,2021,3,71.4669,-32.5228,-55.7658,22
Unknown,Bulgaria,2021,3,70.6564,42.7339,25.4858,23
Unknown,Sweden,2021,3,67.9677,60.1282,18.6435,24
Unknown,Azerbaijan,2021,3,58.281,40.1431,47.5769,25
Unknown,Iraq,2021,3,57.5024,33.2232,43.6793,26
Ontario,Canada,2021,3,52.0423,51.2538,-85.3232,27
Unknown,Serbia,2021,3,49.3048,44.0165,21.0059,28
Unknown,Croatia,2021,3,44.1214,45.1,15.2,29
Unknown,Ethiopia,2021,3,41.2899,9.145,40.4897,30
Unknown,Kenya,2021,3,40.373,-0.0236,37.9062,31
Unknown,Japan,2021,3,39.3758,36.2048,138.2529,32
Unknown,Austria,2021,3,39.0597,47.5162,14.5501,33
Unknown,Bosnia and Herzegovina,2021,3,38.079,43.9159,17.6791,34
Unknown,Kazakhstan,2021,3,32.8573,48.0196,66.9237,35
Unknown,Paraguay,2021,3,30.8726,-23.4425,-58.4438,36
Unknown,Italy,2021,3,30.0185,41.8719,12.5674,37
Unknown,Ecuador,2021,3,28.931,-1.8312,-78.1834,38
Unknown,Greece,2021,3,28.7573,39.0742,21.8243,39
Unknown,Switzerland,2021,3,27.7,46.8182,8.2275,40
Unknown,Oman,2021,3,25.2823,21.5126,55.9233,41
Unknown,Venezuela,2021,3,25.1956,6.4238,-66.5897,42
Unknown,Armenia,2021,3,24.177,40.0691,45.0382,43
Unknown,North Macedonia,2021,3,20.1573,41.6086,21.7453,44
Unknown,Cameroon,2021,3,17.2137,3.848,11.5021,45
Alberta,Canada,2021,3,14.9718,53.9333,-116.5765,46
Unknown,Mongolia,2021,3,13.7694,46.8625,103.8467,47
Unknown,Tunisia,2021,3,12.8766,33.8869,9.5375,48
Unknown,Lithuania,2021,3,12.6,55.1694,23.8813,49
Quebec,Canada,2021,3,12.2992,52.9399,-73.5491,50
Unknown,India,2021,4,11867.6611,20.5937,78.9629,1
Unknown,Argentina,2021,4,351.6258,-38.4161,-63.6167,2
Unknown,Colombia,2021,4,289.3444,4.5709,-74.2973,3
Unknown,Iran,2021,4,255.8418,32.4279,53.688,4
Unknown,Germany,2021,4,179.9791,51.1657,10.4515,5
Unknown,Nepal,2021,4,167.9266,28.1667,84.25,6
Unknown,Spain,2021,4,124.6336,40.4637,-3.7492,7
Unknown,Japan,2021,4,106.5061,36.2048,138.2529,8
Unknown,Thailand,2021,4,82.1526,15.87,100.9925,9
Unknown,Malaysia,2021,4,77.788,4.2105,101.9758,10
Unknown,Costa Rica,2021,4,71.4338,9.7489,-83.7534,11
Unknown,Sweden,2021,4,45.8839,60.1282,18.6435,12
Unknown,Sri Lanka,2021,4,43.3535,7.8731,80.7718,13
Unknown,Georgia,2021,4,33.5864,42.3154,43.3569,14
Alberta,Canada,2021,4,32.2211,53.9333,-116.5765,15
Unknown,Mongolia,2021,4,29.4523,46.8625,103.8467,16
Unknown,Kazakhstan,2021,4,28.7139,48.0196,66.9237,17
Unknown,Paraguay,2021,4,25.022,-23.4425,-58.4438,18
Unknown,Netherlands,2021,4,24.6563,52.1326,5.2913,19
Unknown,Pakistan,2021,4,24.2029,30.3753,69.3451,20
Unknown,Cambodia,2021,4,24.0071,11.55,104.9167,21
Unknown,Guatemala,2021,4,23.2558,15.7835,-90.2308,22
Unknown,Iraq,2021,4,22.3468,33.2232,43.6793,23
Unknown,Honduras,2021,4,21.9662,15.2,-86.2419,24
Unknown,Switzerland,2021,4,19.713,46.8182,8.2275,25
Unknown,Bolivia,2021,4,17.0182,-16.2902,-63.5887,26
Unknown,Tunisia,2021,4,16.7673,33.8869,9.5375,27
Unknown,South Africa,2021,4,15.2349,-30.5595,22.9375,28
Unknown,Ecuador,2021,4,13.9998,-1.8312,-78.1834,29
Unknown,Saudi Arabia,2021,4,13.9733,23.8859,45.0792,30
Ontario,Canada,2021,4,13.6409,51.2538,-85.3232,31
Unknown,Lithuania,2021,4,13.133,55.1694,23.8813,32
Unknown,Cyprus,2021,4,12.9306,35.1264,33.4299,33
Unknown,Croatia,2021,4,10.6182,45.1,15.2,34
Unknown,Egypt,2021,4,10.1168,26.8206,30.8025,35
Unknown,Maldives,2021,4,8.5944,3.2028,73.2207,36
Unknown,Cabo Verde,2021,4,8.5775,16.5388,-23.0418,37
Unknown,Uzbekistan,2021,4,8.3882,41.3775,64.5853,38
Unknown,Latvia,2021,4,8.2205,56.8796,24.6032,39
"Bonaire, Sint Eustatius and Saba",Netherlands,2021,4,8.182,12.1784,-68.2385,40
Unknown,Indonesia,2021,4,8.1326,-0.7893,113.9213,41
Unknown,Trinidad and Tobago,2021,4,7.3379,10.6918,-61.2225,42
Unknown,Kyrgyzstan,2021,4,7.186,41.2044,74.7661,43
Manitoba,Canada,2021,4,6.5804,53.7609,-98.8139,44
Unknown,Afghanistan,2021,4,5.0592,33.9391,67.71,45
Unknown,Algeria,2021,4,4.7253,28.0339,1.6596,46
Unknown,Angola,2021,4,4.6917,-11.2027,17.8739,47
Unknown,"Korea, South",2021,4,3.7591,35.9078,127.7669,48
Unknown,Seychelles,2021,4,3.378,-4.6796,55.492,49
Unknown,Laos,2021,4,3.3433,19.8563,102.4955,50
Unknown,Argentina,2021,5,541.9052,-38.4161,-63.6167,1
Unknown,Colombia,2021,5,246.7452,4.5709,-74.2973,2
Unknown,Malaysia,2021,5,179.6952,4.2105,101.9758,3
Unknown,South Africa,2021,5,99.3665,-30.5595,22.9375,4
Unknown,Thailand,2021,5,85.5512,15.87,100.9925,5
Unknown,Chile,2021,5,76.0169,-35.6751,-71.543,6
Unknown,Bahrain,2021,5,66.129,26.0275,50.55,7
Unknown,Uruguay,2021,5,57.1532,-32.5228,-55.7658,8
Unknown,Bolivia,2021,5,53.7589,-16.2902,-63.5887,9
Unknown,Brazil,2021,5,48.5101,-14.235,-51.9253,10
Unknown,Indonesia,2021,5,42.0649,-0.7893,113.9213,11
Unknown,Sri Lanka,2021,5,40.4403,7.8731,80.7718,12
Unknown,United Kingdom,2021,5,39.6431,55.3781,-3.436,13
Unknown,Paraguay,2021,5,32.7286,-23.4425,-58.4438,14
Unknown,Dominican Republic,2021,5,27.3548,18.7357,-70.1627,15
Unknown,Taiwan*,2021,5,23.1181,23.7,121.0,16
Unknown,Russia,2021,5,22.0468,61.524,105.3188,17
Unknown,Afghanistan,2021,5,21.6262,33.9391,67.71,18
Unknown,Maldives,2021,5,20.2851,3.2028,73.2207,19
Unknown,Uganda,2021,5,16.4782,1.3733,32.2903,20
Unknown,Trinidad and Tobago,2021,5,10.4319,10.6918,-61.2225,21
Unknown,Venezuela,2021,5,10.3786,6.4238,-66.5897,22
Unknown,Vietnam,2021,5,9.3069,14.0583,108.2772,23
Unknown,Zambia,2021,5,8.8133,-13.1339,27.8493,24
Unknown,Saudi Arabia,2021,5,8.0629,23.8859,45.0792,25
Unknown,Costa Rica,2021,5,8.0262,9.7489,-83.7534,26
Unknown,Botswana,2021,5,7.994,-22.3285,24.6849,27
Unknown,Namibia,2021,5,7.2355,-22.9576,18.4904,28
Unknown,Portugal,2021,5,7.1968,39.3999,-8.2245,29
Unknown,Panama,2021,5,6.7931,8.538,-80.7821,30
Unknown,Suriname,2021,5,6.3952,3.9193,-56.0278,31
Unknown,Cuba,2021,5,5.9714,21.5218,-77.7812,32
Unknown,Haiti,2021,5,4.846,18.9712,-72.2852,33
Unknown,Belarus,2021,5,3.3077,53.7098,27.9534,34
Unknown,Timor-Leste,2021,5,2.6419,-8.8742,125.7275,35
Unknown,United Arab Emirates,2021,5,2.3891,23.4241,53.8478,36
Unknown,El Salvador,2021,5,2.1996,13.7942,-88.8965,37
Unknown,Angola,2021,5,1.7698,-11.2027,17.8739,38
Unknown,Congo (Kinshasa),2021,5,1.6141,-4.0383,21.7587,39
Unknown,Equatorial Guinea,2021,5,1.6036,1.6508,10.2679,40
Unknown,Tunisia,2021,5,1.5992,33.8869,9.5375,41
Unknown,Guatemala,2021,5,1.5702,15.7835,-90.2308,42
Unknown,Algeria,2021,5,1.5423,28.0339,1.6596,43
Unknown,Libya,2021,5,1.5274,26.3351,17.2283,44
Unknown,Burma,2021,5,1.4419,21.9162,95.956,45
Unknown,Nigeria,2021,5,1.2956,9.082,8.6753,46
Unknown,Oman,2021,5,1.2629,21.5126,55.9233,47
Unknown,Mauritania,2021,5,1.029,21.0079,-10.9408,48
Unknown,Fiji,2021,5,0.9992,-17.7134,178.065,49
Manitoba,Canada,2021,5,0.7633,53.7609,-98.8139,50
Unknown,Indonesia,2021,6,624.2645,-0.7893,113.9213,1
Unknown,United Kingdom,2021,6,588.5971,55.3781,-3.436,2
Unknown,Russia,2021,6,489.1506,61.524,105.3188,3
Unknown,South Africa,2021,6,474.8015,-30.5595,22.9375,4
Unknown,Bangladesh,2021,6,210.6906,23.685,90.3563,5
Unknown,Colombia,2021,6,153.4821,4.5709,-74.2973,6
Unknown,Tunisia,2021,6,100.1266,33.8869,9.5375,7
Unknown,Iran,2021,6,84.4941,32.4279,53.688,8
Unknown,Iraq,2021,6,82.339,33.2232,43.6793,9
Unknown,Zambia,2021,6,73.3822,-13.1339,27.8493,10
Unknown,Thailand,2021,6,67.2345,15.87,100.9925,11
Unknown,Cuba,2021,6,60.0478,21.5218,-77.7812,12
Unknown,Namibia,2021,6,50.6612,-22.9576,18.4904,13
Unknown,Mexico,2021,6,48.8105,23.6345,-102.5528,14
Unknown,Mongolia,2021,6,48.3557,46.8625,103.8467,15
Unknown,Oman,2021,6,45.3689,21.5126,55.9233,16
Unknown,Portugal,2021,6,43.5644,39.3999,-8.2245,17
Unknown,Burma,2021,6,40.4605,21.9162,95.956,18
Unknown,Zimbabwe,2021,6,37.1726,-19.0154,29.1549,19
Unknown,Rwanda,2021,6,34.7355,-1.9403,29.8739,20
Unknown,Kyrgyzstan,2021,6,31.8776,41.2044,74.7661,21
Unknown,Spain,2021,6,26.5139,40.4637,-3.7492,22
Unknown,Kazakhstan,2021,6,24.4024,48.0196,66.9237,23
Unknown,Mozambique,2021,6,16.8403,-18.6657,35.5296,24
Unknown,Kuwait,2021,6,16.2427,29.3117,47.4818,25
Unknown,Afghanistan,2021,6,14.3041,33.9391,67.71,26
Unknown,Ecuador,2021,6,13.861,-1.8312,-78.1834,27
Unknown,Honduras,2021,6,13.6892,15.2,-86.2419,28
Unknown,Panama,2021,6,13.4587,8.538,-80.7821,29
Unknown,Uzbekistan,2021,6,11.5813,41.3775,64.5853,30
Unknown,Fiji,2021,6,9.7508,-17.7134,178.065,31
Unknown,Kenya,2021,6,9.0714,-0.0236,37.9062,32
Unknown,Israel,2021,6,8.6585,31.0461,34.8516,33
Unknown,Vietnam,2021,6,8.1197,14.0583,108.2772,34
Unknown,Saudi Arabia,2021,6,7.4394,23.8859,45.0792,35
Unknown,Botswana,2021,6,7.2696,-22.3285,24.6849,36
Unknown,Morocco,2021,6,6.5964,31.7917,-7.0926,37
Unknown,Cyprus,2021,6,6.5235,35.1264,33.4299,38
Unknown,Cambodia,2021,6,5.7947,11.55,104.9167,39
Unknown,Malawi,2021,6,5.7726,-13.2543,34.3015,40
Unknown,Liberia,2021,6,4.1893,6.4281,-9.4295,41
Unknown,Sierra Leone,2021,6,3.1159,8.4606,-11.7799,42
Unknown,Kosovo,2021,6,2.6492,42.6026,20.903,43
Unknown,Finland,2021,6,2.6082,61.9241,25.7482,44
Unknown,Congo (Kinshasa),2021,6,2.5137,-4.0383,21.7587,45
Unknown,Ghana,2021,6,2.509,7.9465,-1.0232,46
Unknown,El Salvador,2021,6,2.299,13.7942,-88.8965,47
Unknown,Senegal,2021,6,1.6191,14.4974,-14.4524,48
Unknown,Algeria,2021,6,1.2692,28.0339,1.6596,49
Unknown,Lesotho,2021,6,1.2532,-29.61,28.2336,50
Unknown,US,2021,7,2733.0618,40.0,-100.0,1
Unknown,France,2021,7,834.1597,46.2276,2.2137,2
Unknown,Turkey,2021,7,587.327,38.9637,35.2433,3
Unknown,Iran,2021,7,561.523,32.4279,53.688,4
Unknown,Indonesia,2021,7,468.9907,-0.7893,113.9213,5
Unknown,Spain,2021,7,447.9722,40.4637,-3.7492,6
Unknown,Mexico,2021,7,444.7117,23.6345,-102.5528,7
Unknown,Thailand,2021,7,429.0657,15.87,100.9925,8
Unknown,Malaysia,2021,7,398.3843,4.2105,101.9758,9
Unknown,Vietnam,2021,7,311.3867,14.0583,108.2772,10
Unknown,Japan,2021,7,280.1847,36.2048,138.2529,11
Unknown,Morocco,2021,7,241.2427,31.7917,-7.0926,12
Unknown,Italy,2021,7,201.6758,41.8719,12.5674,13
Unknown,Cuba,2021,7,198.5286,21.5218,-77.7812,14
Unknown,Iraq,2021,7,160.6879,33.2232,43.6793,15
Unknown,Pakistan,2021,7,109.4677,30.3753,69.3451,16
Unknown,Bangladesh,2021,7,103.2722,23.685,90.3563,17
Unknown,Burma,2021,7,102.7899,21.9162,95.956,18
Unknown,Kazakhstan,2021,7,96.5093,48.0196,66.9237,19
Unknown,Georgia,2021,7,77.9468,42.3154,43.3569,20
Unknown,Israel,2021,7,70.6794,31.0461,34.8516,21
Unknown,United Kingdom,2021,7,70.2032,55.3781,-3.436,22
Unknown,Greece,2021,7,61.5528,39.0742,21.8243,23
Unknown,Libya,2021,7,60.7625,26.3351,17.2283,24
Unknown,Germany,2021,7,56.1875,51.1657,10.4515,25
Unknown,Philippines,2021,7,49.7254,12.8797,121.774,26
Unknown,Algeria,2021,7,41.1899,28.0339,1.6596,27
Unknown,Ireland,2021,7,36.1278,53.1424,-7.6921,28
Unknown,Mozambique,2021,7,34.6145,-18.6657,35.5296,29
Unknown,Nepal,2021,7,33.2149,28.1667,84.25,30
Unknown,Lebanon,2021,7,30.8347,33.8547,35.8623,31
Unknown,Belgium,2021,7,28.4532,50.8333,4.4699,32
Unknown,Senegal,2021,7,28.2052,14.4974,-14.4524,33
Unknown,"Korea, South",2021,7,27.3048,35.9078,127.7669,34
Unknown,Botswana,2021,7,26.2976,-22.3285,24.6849,35
Unknown,Guatemala,2021,7,24.7169,15.7835,-90.2308,36
Unknown,Sri Lanka,2021,7,24.0782,7.8731,80.7718,37
Unknown,Switzerland,2021,7,22.1117,46.8182,8.2275,38
Unknown,Kenya,2021,7,21.8952,-0.0236,37.9062,39
Unknown,Fiji,2021,7,21.4911,-17.7134,178.065,40
Unknown,Malawi,2021,7,18.9992,-13.2543,34.3015,41
Unknown,Finland,2021,7,18.3177,61.9241,25.7482,42
Unknown,Azerbaijan,2021,7,18.2524,40.1431,47.5769,43
Unknown,Portugal,2021,7,16.9161,39.3999,-8.2245,44
Unknown,Eswatini,2021,7,16.8798,-26.5225,31.4659,45
Unknown,Uzbekistan,2021,7,15.1782,41.3775,64.5853,46
Unknown,Denmark,2021,7,15.1621,56.2639,9.5018,47
Unknown,Nigeria,2021,7,14.8177,9.082,8.6753,48
Unknown,Austria,2021,7,14.4964,47.5162,14.5501,49
Unknown,Jordan,2021,7,13.7581,31.24,36.51,50
Unknown,US,2021,8,2270.6572,40.0,-100.0,1
Unknown,Japan,2021,8,367.1214,36.2048,138.2529,2
Unknown,Philippines,2021,8,364.9831,12.8797,121.774,3
Unknown,United Kingdom,2021,8,307.7968,55.3781,-3.436,4
Unknown,Germany,2021,8,278.0254,51.1657,10.4515,5
Unknown,Vietnam,2021,8,220.1177,14.0583,108.2772,6
Unknown,Israel,2021,8,199.8294,31.0461,34.8516,7
Unknown,Sri Lanka,2021,8,131.354,7.8731,80.7718,8
Unknown,Malaysia,2021,8,124.331,4.2105,101.9758,9
Unknown,Azerbaijan,2021,8,121.5302,40.1431,47.5769,10
Unknown,Serbia,2021,8,78.3859,44.0165,21.0059,11
Unknown,West Bank and Gaza,2021,8,72.5835,31.9522,35.2332,12
Unknown,Kosovo,2021,8,70.3552,42.6026,20.903,13
Unknown,Switzerland,2021,8,70.3113,46.8182,8.2275,14
Unknown,Uganda,2021,8,55.8165,1.3733,32.2903,15
Unknown,Mongolia,2021,8,51.3222,46.8625,103.8467,16
Unknown,Bulgaria,2021,8,48.802,42.7339,25.4858,17
Unknown,Ethiopia,2021,8,37.2665,9.145,40.4897,18
Unknown,Austria,2021,8,36.3504,47.5162,14.5501,19
Unknown,Norway,2021,8,36.0145,60.472,8.4689,20
Unknown,Costa Rica,2021,8,35.9214,9.7489,-83.7534,21
New South Wales,Australia,2021,8,35.4734,-33.8688,151.2093,22
Unknown,Guatemala,2021,8,34.9028,15.7835,-90.2308,23
Alberta,Canada,2021,8,32.6008,53.9333,-116.5765,24
Unknown,Albania,2021,8,30.4573,41.1533,20.1683,25
Unknown,North Macedonia,2021,8,29.8685,41.6086,21.7453,26
Unknown,Romania,2021,8,29.7177,45.9432,24.9668,27
Unknown,Ukraine,2021,8,25.8968,48.3794,31.1656,28
Unknown,Italy,2021,8,24.0645,41.8719,12.5674,29
Guadeloupe,France,2021,8,22.2238,16.265,-61.551,30
Unknown,Jamaica,2021,8,20.5609,18.1096,-77.2975,31
Unknown,India,2021,8,20.1161,20.5937,78.9629,32
Unknown,Sweden,2021,8,18.8097,60.1282,18.6435,33
Ontario,Canada,2021,8,18.7661,51.2538,-85.3232,34
Unknown,Belarus,2021,8,18.5452,53.7098,27.9534,35
Unknown,Bosnia and Herzegovina,2021,8,17.9847,43.9159,17.6791,36
Unknown,Montenegro,2021,8,17.3319,42.7087,19.3744,37
British Columbia,Canada,2021,8,17.1931,53.7267,-127.6476,38
Unknown,Greece,2021,8,15.5569,39.0742,21.8243,39
Unknown,Croatia,2021,8,13.7069,45.1,15.2,40
Unknown,Slovenia,2021,8,13.0286,46.1512,14.9955,41
Unknown,Ireland,2021,8,13.0012,53.1424,-7.6921,42
Quebec,Canada,2021,8,12.9399,52.9399,-73.5491,43
Unknown,Georgia,2021,8,12.0431,42.3154,43.3569,44
Unknown,Mauritius,2021,8,11.4948,-20.3484,57.5522,45
Unknown,Armenia,2021,8,11.0706,40.0691,45.0382,46
Unknown,Benin,2021,8,9.3444,9.3077,2.3158,47
Unknown,Belgium,2021,8,9.2077,50.8333,4.4699,48
Unknown,Timor-Leste,2021,8,8.2718,-8.8742,125.7275,49
Unknown,Moldova,2021,8,8.0984,47.4116,28.3699,50
Unknown,Romania,2021,9,318.8487,45.9432,24.9668,1
Unknown,Turkey,2021,9,263.2002,38.9637,35.2433,2
Unknown,Ukraine,2021,9,244.4416,48.3794,31.1656,3
Unknown,Russia,2021,9,160.1813,61.524,105.3188,4
Unknown,Mongolia,2021,9,151.273,46.8625,103.8467,5
Unknown,Serbia,2021,9,137.0888,44.0165,21.0059,6
Unknown,Tanzania,2021,9,82.1466,-6.369,34.8888,7
Unknown,Singapore,2021,9,74.107,1.2833,103.8333,8
Unknown,Slovakia,2021,9,43.5219,48.669,19.699,9
Unknown,Cameroon,2021,9,36.0476,3.848,11.5021,10
Unknown,"Korea, South",2021,9,34.0316,35.9078,127.7669,11
Unknown,Lithuania,2021,9,33.4839,55.1694,23.8813,12
Victoria,Australia,2021,9,32.1551,-37.8136,144.9631,13
Unknown,Moldova,2021,9,26.6994,47.4116,28.3699,14
Unknown,Poland,2021,9,23.707,51.9194,19.1451,15
Alberta,Canada,2021,9,23.6089,53.9333,-116.5765,16
Unknown,Croatia,2021,9,21.6618,45.1,15.2,17
Unknown,Bulgaria,2021,9,20.796,42.7339,25.4858,18
Unknown,Latvia,2021,9,19.1862,56.8796,24.6032,19
Unknown,Egypt,2021,9,16.6427,26.8206,30.8025,20
Unknown,Venezuela,2021,9,15.2541,6.4238,-66.5897,21
New Caledonia,France,2021,9,15.2387,-20.9043,165.618,22
Unknown,Cambodia,2021,9,14.6122,11.55,104.9167,23
Unknown,Ireland,2021,9,12.7121,53.1424,-7.6921,24
Unknown,Brazil,2021,9,12.3439,-14.235,-51.9253,25
Unknown,Laos,2021,9,12.3219,19.8563,102.4955,26
Unknown,Hungary,2021,9,12.1215,47.1625,19.5033,27
Unknown,Armenia,2021,9,11.5462,40.0691,45.0382,28
Unknown,Estonia,2021,9,11.214,58.5953,25.0136,29
Unknown,Slovenia,2021,9,10.1121,46.1512,14.9955,30
Unknown,Chile,2021,9,9.4859,-35.6751,-71.543,31
Unknown,Syria,2021,9,9.2036,34.8021,38.9968,32
Unknown,Czechia,2021,9,9.1786,49.8175,15.473,33
Unknown,Belarus,2021,9,9.095,53.7098,27.9534,34
Unknown,Gabon,2021,9,7.4093,-0.8037,11.6094,35
Unknown,Burundi,2021,9,6.5477,-3.3731,29.9189,36
Unknown,Angola,2021,9,6.2133,-11.2027,17.8739,37
Saskatchewan,Canada,2021,9,6.0979,52.9399,-106.4509,38
Unknown,Zimbabwe,2021,9,5.9544,-19.0154,29.1549,39
Unknown,Bosnia and Herzegovina,2021,9,5.4407,43.9159,17.6791,40
Unknown,Papua New Guinea,2021,9,5.2247,-6.315,143.9556,41
Unknown,Barbados,2021,9,5.194,13.1939,-59.5432,42
Unknown,Dominican Republic,2021,9,5.0047,18.7357,-70.1627,43
Unknown,Belgium,2021,9,4.7653,50.8333,4.4699,44
Unknown,Belize,2021,9,4.7186,17.1899,-88.4976,45
Unknown,Jordan,2021,9,4.4073,31.24,36.51,46
Unknown,Djibouti,2021,9,3.5072,11.8251,42.5903,47
Unknown,Brunei,2021,9,3.2116,4.5353,114.7277,48
New Brunswick,Canada,2021,9,3.1502,46.5653,-66.4619,49
Unknown,Saint Vincent and the Grenadines,2021,9,2.7448,12.9843,-61.2872,50
Unknown,Russia,2021,10,549.0698,61.524,105.3188,1
Unknown,Ukraine,2021,10,507.354,48.3794,31.1656,2
Unknown,United Kingdom,2021,10,342.5302,55.3781,-3.436,3
Unknown,Germany,2021,10,305.8706,51.1657,10.4515,4
Unknown,Poland,2021,10,261.6851,51.9194,19.1451,5
Unknown,Netherlands,2021,10,225.1927,52.1326,5.2913,6
Unknown,Czechia,2021,10,168.7387,49.8175,15.473,7
Unknown,Belgium,2021,10,166.3637,50.8333,4.4699,8
Unknown,Slovakia,2021,10,156.0399,48.669,19.699,9
Unknown,Austria,2021,10,114.6891,47.5162,14.5501,10
Unknown,Croatia,2021,10,103.7052,45.1,15.2,11
Unknown,Bulgaria,2021,10,103.4298,42.7339,25.4858,12
Unknown,Georgia,2021,10,88.5863,42.3154,43.3569,13
Unknown,France,2021,10,86.6685,46.2276,2.2137,14
Unknown,Hungary,2021,10,75.0431,47.1625,19.5033,15
Unknown,Italy,2021,10,69.9782,41.8719,12.5674,16
Unknown,Slovenia,2021,10,65.0476,46.1512,14.9955,17
Unknown,Azerbaijan,2021,10,64.9028,40.1431,47.5769,18
Unknown,Greece,2021,10,62.2077,39.0742,21.8243,19
Unknown,Mongolia,2021,10,58.356,46.8625,103.8467,20
Unknown,Latvia,2021,10,57.0778,56.8796,24.6032,21
Unknown,Chile,2021,10,51.5907,-35.6751,-71.543,22
Unknown,Lithuania,2021,10,49.2024,55.1694,23.8813,23
Unknown,Denmark,2021,10,47.9073,56.2639,9.5018,24
Unknown,Ireland,2021,10,44.4234,53.1424,-7.6921,25
Unknown,Armenia,2021,10,43.7129,40.0691,45.0382,26
Unknown,Estonia,2021,10,39.6077,58.5953,25.0136,27
Unknown,Singapore,2021,10,33.0911,1.2833,103.8333,28
Unknown,Romania,2021,10,29.0258,45.9432,24.9668,29
Unknown,Mauritius,2021,10,26.25,-20.3484,57.5522,30
Unknown,Jordan,2021,10,26.2,31.24,36.51,31
Unknown,Norway,2021,10,19.8286,60.472,8.4689,32
Unknown,Switzerland,2021,10,11.5677,46.8182,8.2275,33
Unknown,Moldova,2021,10,9.8956,47.4116,28.3699,34
Unknown,Portugal,2021,10,9.6335,39.3999,-8.2245,35
Unknown,Argentina,2021,10,8.6488,-38.4161,-63.6167,36
Unknown,Bolivia,2021,10,8.2609,-16.2902,-63.5887,37
Unknown,Laos,2021,10,7.7794,19.8563,102.4955,38
Unknown,Dominican Republic,2021,10,7.1609,18.7357,-70.1627,39
Unknown,Egypt,2021,10,5.625,26.8206,30.8025,40
Unknown,Colombia,2021,10,5.5536,4.5709,-74.2973,41
Unknown,Sweden,2021,10,5.546,60.1282,18.6435,42
Unknown,Uruguay,2021,10,5.4617,-32.5228,-55.7658,43
Unknown,Papua New Guinea,2021,10,5.0069,-6.315,143.9556,44
Unknown,Montenegro,2021,10,4.9282,42.7087,19.3744,45
Unknown,Barbados,2021,10,4.4883,13.1939,-59.5432,46
Unknown,New Zealand,2021,10,3.9157,-40.9006,174.886,47
Unknown,North Macedonia,2021,10,3.3488,41.6086,21.7453,48
Unknown,Botswana,2021,10,3.0004,-22.3285,24.6849,49
Unknown,Ecuador,2021,10,2.8516,-1.8312,-78.1834,50
Unknown,Germany,2021,11,1379.6172,51.1657,10.4515,1
Unknown,France,2021,11,1040.3817,46.2276,2.2137,2
Unknown,Netherlands,2021,11,518.1884,52.1326,5.2913,3
Unknown,Poland,2021,11,504.2047,51.9194,19.1451,4
Unknown,Belgium,2021,11,440.3731,50.8333,4.4699,5
Unknown,Czechia,2021,11,439.7255,49.8175,15.473,6
Unknown,US,2021,11,371.7277,40.0,-100.0,7
Unknown,Vietnam,2021,11,368.9735,14.0583,108.2772,8
Unknown,United Kingdom,2021,11,316.9857,55.3781,-3.436,9
Unknown,Italy,2021,11,297.4643,41.8719,12.5674,10
Unknown,Spain,2021,11,279.0207,40.4637,-3.7492,11
Unknown,Austria,2021,11,223.0834,47.5162,14.5501,12
Unknown,Switzerland,2021,11,218.6972,46.8182,8.2275,13
Unknown,Hungary,2021,11,211.3155,47.1625,19.5033,14
Unknown,Slovakia,2021,11,182.9976,48.669,19.699,15
Unknown,South Africa,2021,11,158.5615,-30.5595,22.9375,16
Unknown,Jordan,2021,11,111.6618,31.24,36.51,17
Unknown,Denmark,2021,11,90.8636,56.2639,9.5018,18
Unknown,Portugal,2021,11,84.3386,39.3999,-8.2245,19
Unknown,"Korea, South",2021,11,75.6961,35.9078,127.7669,20
Unknown,Norway,2021,11,58.5746,60.472,8.4689,21
Unknown,Ireland,2021,11,50.168,53.1424,-7.6921,22
Unknown,Sweden,2021,11,38.7522,60.1282,18.6435,23
Unknown,Lebanon,2021,11,29.527,33.8547,35.8623,24
Unknown,Peru,2021,11,27.7871,-9.19,-75.0152,25
Unknown,Colombia,2021,11,22.7846,4.5709,-74.2973,26
Unknown,Argentina,2021,11,22.0612,-38.4161,-63.6167,27
Unknown,Finland,2021,11,20.3395,61.9241,25.7482,28
Quebec,Canada,2021,11,19.723,52.9399,-73.5491,29
Reunion,France,2021,11,18.2033,-21.1151,55.5364,30
Unknown,Laos,2021,11,14.8118,19.8563,102.4955,31
Ontario,Canada,2021,11,14.3326,51.2538,-85.3232,32
Unknown,Trinidad and Tobago,2021,11,14.1259,10.6918,-61.2225,33
Unknown,Cyprus,2021,11,12.9784,35.1264,33.4299,34
Unknown,Bolivia,2021,11,11.8009,-16.2902,-63.5887,35
Unknown,Chile,2021,11,8.6623,-35.6751,-71.543,36
Unknown,Sri Lanka,2021,11,7.0505,7.8731,80.7718,37
Unknown,Sudan,2021,11,6.3184,12.8628,30.2176,38
Unknown,Luxembourg,2021,11,5.6085,49.8153,6.1296,39
Unknown,Zimbabwe,2021,11,4.2763,-19.0154,29.1549,40
Unknown,Andorra,2021,11,4.0598,42.5063,1.5218,41
Unknown,Panama,2021,11,3.8679,8.538,-80.7821,42
Unknown,Algeria,2021,11,3.2376,28.0339,1.6596,43
Guernsey,United Kingdom,2021,11,2.8396,49.4482,-2.5895,44
Unknown,Madagascar,2021,11,2.7506,-18.7669,46.8691,45
Jersey,United Kingdom,2021,11,2.7139,49.2138,-2.1358,46
Unknown,Malta,2021,11,2.3555,35.9375,14.3754,47
Unknown,Liechtenstein,2021,11,2.0089,47.14,9.55,48
Unknown,Paraguay,2021,11,1.8986,-23.4425,-58.4438,49
Isle of Man,United Kingdom,2021,11,1.8652,54.2361,-4.5481,50
Unknown,US,2021,12,11528.9072,40.0,-100.0,1
Unknown,United Kingdom,2021,12,4375.7627,55.3781,-3.436,2
Unknown,France,2021,12,3894.8801,46.2276,2.2137,3
Unknown,Spain,2021,12,2884.0178,40.4637,-3.7492,4
Unknown,Italy,2021,12,2671.2952,41.8719,12.5674,5
Unknown,Argentina,2021,12,1144.9552,-38.4161,-63.6167,6
Unknown,Greece,2021,12,603.8714,39.0742,21.8243,7
Unknown,Portugal,2021,12,587.2589,39.3999,-8.2245,8
Ontario,Canada,2021,12,533.8972,51.2538,-85.3232,9
Unknown,Denmark,2021,12,518.4496,56.2639,9.5018,10
New South Wales,Australia,2021,12,498.3831,-33.8688,151.2093,11
Quebec,Canada,2021,12,445.4782,52.9399,-73.5491,12
Unknown,Ireland,2021,12,375.9202,53.1424,-7.6921,13
Unknown,Turkey,2021,12,359.3032,38.9637,35.2433,14
Unknown,Switzerland,2021,12,217.1456,46.8182,8.2275,15
Unknown,Ethiopia,2021,12,179.3347,9.145,40.4897,16
Unknown,Zambia,2021,12,162.7141,-13.1339,27.8493,17
Unknown,Finland,2021,12,162.6218,61.9241,25.7482,18
Unknown,Sweden,2021,12,161.3512,60.1282,18.6435,19
Unknown,Colombia,2021,12,136.5992,4.5709,-74.2973,20
Unknown,Mozambique,2021,12,123.3323,-18.6657,35.5296,21
Unknown,India,2021,12,121.7871,20.5937,78.9629,22
Unknown,Kenya,2021,12,120.2504,-0.0236,37.9062,23
Victoria,Australia,2021,12,114.8032,-37.8136,144.9631,24
British Columbia,Canada,2021,12,113.0496,53.7267,-127.6476,25
Unknown,Bolivia,2021,12,107.1569,-16.2902,-63.5887,26
Unknown,Israel,2021,12,103.2907,31.0461,34.8516,27
Unknown,Mexico,2021,12,91.7754,23.6345,-102.5528,28
Unknown,Cyprus,2021,12,78.0363,35.1264,33.4299,29
Alberta,Canada,2021,12,77.7077,53.9333,-116.5765,30
Unknown,United Arab Emirates,2021,12,77.4766,23.4241,53.8478,31
Unknown,Peru,2021,12,74.5738,-9.19,-75.0152,32
Unknown,Vietnam,2021,12,71.7048,14.0583,108.2772,33
Unknown,Botswana,2021,12,69.9577,-22.3285,24.6849,34
Unknown,Angola,2021,12,68.573,-11.2027,17.8739,35
Queensland,Australia,2021,12,54.1419,-27.4698,153.0251,36
Unknown,Uganda,2021,12,50.2145,1.3733,32.2903,37
Unknown,Nigeria,2021,12,49.9415,9.082,8.6753,38
Unknown,Panama,2021,12,48.8653,8.538,-80.7821,39
Unknown,Rwanda,2021,12,45.5714,-1.9403,29.8739,40
South Australia,Australia,2021,12,45.3641,-34.9285,138.6007,41
Unknown,Ghana,2021,12,45.1847,7.9465,-1.0232,42
Unknown,Lebanon,2021,12,44.6335,33.8547,35.8623,43
Unknown,Cote d'Ivoire,2021,12,44.154,7.54,-5.5471,44
Unknown,Morocco,2021,12,42.5694,31.7917,-7.0926,45
Unknown,Malta,2021,12,42.523,35.9375,14.3754,46
Unknown,Malawi,2021,12,38.7875,-13.2543,34.3015,47
Unknown,Montenegro,2021,12,34.0581,42.7087,19.3744,48
Manitoba,Canada,2021,12,33.3665,53.7609,-98.8139,49
Unknown,Ecuador,2021,12,31.7431,-1.8312,-78.1834,50
Unknown,India,2022,1,7224.0571,20.5937,78.9629,1
Unknown,Brazil,2022,1,6698.7578,-14.235,-51.9253,2
Unknown,Germany,2022,1,4927.9116,51.1657,10.4515,3
Unknown,France,2022,1,3855.6763,46.2276,2.2137,4
Unknown,Russia,2022,1,3349.5596,61.524,105.3188,5
Unknown,Japan,2022,1,2973.5422,36.2048,138.2529,6
Unknown,Israel,2022,1,2717.4133,31.0461,34.8516,7
Unknown,Netherlands,2022,1,2255.2866,52.1326,5.2913,8
Unknown,Poland,2022,1,1537.3718,51.9194,19.1451,9
Unknown,Belgium,2022,1,1480.2584,50.8333,4.4699,10
Unknown,Portugal,2022,1,1473.8806,39.3999,-8.2245,11
Unknown,Czechia,2022,1,1445.8101,49.8175,15.473,12
Unknown,Peru,2022,1,1392.306,-9.19,-75.0152,13
Unknown,Turkey,2022,1,1270.6508,38.9637,35.2433,14
Unknown,Austria,2022,1,1130.3661,47.5162,14.5501,15
Unknown,Denmark,2022,1,1111.0061,56.2639,9.5018,16
Unknown,Ukraine,2022,1,1003.9456,48.3794,31.1656,17
Unknown,Chile,2022,1,989.4073,-35.6751,-71.543,18
Unknown,Mexico,2022,1,982.6734,23.6345,-102.5528,19
Unknown,Romania,2022,1,919.4177,45.9432,24.9668,20
Unknown,United Kingdom,2022,1,871.2996,55.3781,-3.436,21
Unknown,Sweden,2022,1,777.3367,60.1282,18.6435,22
Unknown,Switzerland,2022,1,768.4069,46.8182,8.2275,23
Unknown,Norway,2022,1,598.856,60.472,8.4689,24
Unknown,Iran,2022,1,590.9677,32.4279,53.688,25
Unknown,Hungary,2022,1,589.9565,47.1625,19.5033,26
Unknown,Bangladesh,2022,1,576.6758,23.685,90.3563,27
Unknown,Georgia,2022,1,542.3806,42.3154,43.3569,28
Unknown,"Korea, South",2022,1,490.3762,35.9078,127.7669,29
Unknown,Serbia,2022,1,485.298,44.0165,21.0059,30
Unknown,Slovenia,2022,1,467.869,46.1512,14.9955,31
Unknown,Slovakia,2022,1,450.6198,48.669,19.699,32
Unknown,Kazakhstan,2022,1,436.0383,48.0196,66.9237,33
Unknown,Jordan,2022,1,365.1758,31.24,36.51,34
Unknown,Indonesia,2022,1,339.6657,-0.7893,113.9213,35
Unknown,Lithuania,2022,1,334.1706,55.1694,23.8813,36
Unknown,Tunisia,2022,1,294.6544,33.8869,9.5375,37
Unknown,Iraq,2022,1,292.3714,33.2232,43.6793,38
Unknown,Paraguay,2022,1,278.1105,-23.4425,-58.4438,39
Unknown,Uruguay,2022,1,275.4,-32.5228,-55.7658,40
Unknown,Pakistan,2022,1,275.3387,30.3753,69.3451,41
Unknown,Latvia,2022,1,261.0637,56.8796,24.6032,42
Unknown,Philippines,2022,1,259.6419,12.8797,121.774,43
Unknown,Mongolia,2022,1,256.6117,46.8625,103.8467,44
Unknown,Nepal,2022,1,241.4194,28.1667,84.25,45
Unknown,West Bank and Gaza,2022,1,213.2093,31.9522,35.2332,46
Unknown,Bulgaria,2022,1,205.2915,42.7339,25.4858,47
Unknown,Estonia,2022,1,196.8093,58.5953,25.0136,48
Unknown,Ecuador,2022,1,192.3673,-1.8312,-78.1834,49
Unknown,Singapore,2022,1,191.0399,1.2833,103.8333,50
Unknown,"Korea, South",2022,2,5751.9341,35.9078,127.7669,1
Unknown,Vietnam,2022,2,3467.6841,14.0583,108.2772,2
Hong Kong,China,2022,2,1457.6774,22.3,114.2,3
Unknown,Malaysia,2022,2,927.3886,4.2105,101.9758,4
Unknown,Indonesia,2022,2,886.457,-0.7893,113.9213,5
Unknown,Thailand,2022,2,623.4464,15.87,100.9925,6
Unknown,New Zealand,2022,2,541.9031,-40.9006,174.886,7
Unknown,Singapore,2022,2,486.2822,1.2833,103.8333,8
New South Wales,Australia,2022,2,215.104,-33.8688,151.2093,9
Unknown,Brunei,2022,2,169.4412,4.5353,114.7277,10
Unknown,Burma,2022,2,111.864,21.9162,95.956,11
Unknown,Iceland,2022,2,75.5027,64.9631,-19.0208,12
Unknown,El Salvador,2022,2,59.9149,13.7942,-88.8965,13
Unknown,Mauritius,2022,2,39.3221,-20.3484,57.5522,14
Unknown,Honduras,2022,2,37.3634,15.2,-86.2419,15
Western Australia,Australia,2022,2,34.6768,-31.9505,115.8605,16
Tasmania,Australia,2022,2,21.7545,-42.8821,147.3272,17
Unknown,Cambodia,2022,2,19.4086,11.55,104.9167,18
French Polynesia,France,2022,2,15.3446,-17.6797,149.4068,19
Northern Territory,Australia,2022,2,15.3385,-12.4634,130.8456,20
South Australia,Australia,2022,2,14.2937,-34.9285,138.6007,21
Unknown,Zimbabwe,2022,2,12.1138,-19.0154,29.1549,22
Australian Capital Territory,Australia,2022,2,10.3602,-35.4735,149.0124,23
Unknown,Bhutan,2022,2,9.4316,27.5142,90.4336,24
Prince Edward Island,Canada,2022,2,7.9234,46.5107,-63.4168,25
Newfoundland and Labrador,Canada,2022,2,3.714,53.1355,-57.6604,26
Unknown,Ghana,2022,2,3.5599,7.9465,-1.0232,27
New Brunswick,Canada,2022,2,2.6877,46.5653,-66.4619,28
Guangdong,China,2022,2,2.5714,23.3417,113.4244,29
Unknown,Papua New Guinea,2022,2,2.0909,-6.315,143.9556,30
Shanghai,China,2022,2,1.5898,31.202,121.4491,31
Inner Mongolia,China,2022,2,1.587,44.0935,113.9448,32
Unknown,Syria,2022,2,1.1086,34.8021,38.9968,33
Nunavut,Canada,2022,2,0.5419,70.2998,-83.1076,34
Unknown,Tonga,2022,2,0.4899,-21.179,-175.1982,35
Isle of Man,United Kingdom,2022,2,0.4633,54.2361,-4.5481,36
Beijing,China,2022,2,0.4606,40.1824,116.4142,37
Jiangsu,China,2022,2,0.3659,32.9711,119.455,38
Yunnan,China,2022,2,0.2843,24.974,101.487,39
Sichuan,China,2022,2,0.2819,30.6171,102.7103,40
Liaoning,China,2022,2,0.2718,41.2956,122.6085,41
Unknown,Congo (Brazzaville),2022,2,0.2291,-0.228,15.8277,42
Unknown,Taiwan*,2022,2,0.1984,23.7,121.0,43
Hubei,China,2022,2,0.1869,30.9756,112.2707,44
Fujian,China,2022,2,0.1472,26.0789,117.9874,45
Shandong,China,2022,2,0.1065,36.3427,118.1498,46
Heilongjiang,China,2022,2,0.1015,47.862,127.7615,47
Shanxi,China,2022,2,0.0832,37.5777,112.2922,48
Gansu,China,2022,2,0.0443,35.7518,104.2861,49
Chongqing,China,2022,2,0.0441,30.0572,107.874,50
Unknown,France,2022,3,3653.0649,46.2276,2.2137,1
Unknown,"Korea, South",2022,3,3443.417,35.9078,127.7669,2
Unknown,Germany,2022,3,3267.7656,51.1657,10.4515,3
Unknown,United Kingdom,2022,3,1400.3577,55.3781,-3.436,4
Unknown,Italy,2022,3,1350.5677,41.8719,12.5674,5
New South Wales,Australia,2022,3,493.5565,-33.8688,151.2093,6
Unknown,Israel,2022,3,310.2939,31.0461,34.8516,7
Unknown,Belgium,2022,3,291.2254,50.8333,4.4699,8
Western Australia,Australia,2022,3,265.8145,-31.9505,115.8605,9
Unknown,Greece,2022,3,264.1589,39.0742,21.8243,10
Unknown,Botswana,2022,3,234.7032,-22.3285,24.6849,11
Queensland,Australia,2022,3,232.2089,-27.4698,153.0251,12
Unknown,Ireland,2022,3,174.0242,53.1424,-7.6921,13
Victoria,Australia,2022,3,158.5222,-37.8136,144.9631,14
Unknown,Thailand,2022,3,141.3407,15.87,100.9925,15
South Australia,Australia,2022,3,123.9831,-34.9285,138.6007,16
Unknown,Cyprus,2022,3,122.4351,35.1264,33.4299,17
Unknown,Laos,2022,3,91.5927,19.8563,102.4955,18
Unknown,Austria,2022,3,58.454,47.5162,14.5501,19
Jilin,China,2022,3,53.3161,43.6661,126.1923,20
Quebec,Canada,2022,3,50.4274,52.9399,-73.5491,21
Tasmania,Australia,2022,3,48.048,-42.8821,147.3272,22
Unknown,Slovenia,2022,3,40.9294,46.1512,14.9955,23
Unknown,Mauritius,2022,3,40.2637,-20.3484,57.5522,24
Unknown,Luxembourg,2022,3,32.7403,49.8153,6.1296,25
Guadeloupe,France,2022,3,18.4859,16.265,-61.551,26
Unknown,Malta,2022,3,18.1044,35.9375,14.3754,27
Ontario,Canada,2022,3,14.6565,51.2538,-85.3232,28
Unknown,Cuba,2022,3,13.5081,21.5218,-77.7812,29
Australian Capital Territory,Australia,2022,3,12.7569,-35.4735,149.0124,30
Alberta,Canada,2022,3,11.6065,53.9333,-116.5765,31
Unknown,Vanuatu,2022,3,10.7835,-15.3767,166.9592,32
Unknown,Bhutan,2022,3,10.4298,27.5142,90.4336,33
Guernsey,United Kingdom,2022,3,9.1492,49.4482,-2.5895,34
Unknown,Tonga,2022,3,9.002,-21.179,-175.1982,35
New Brunswick,Canada,2022,3,7.004,46.5653,-66.4619,36
Unknown,Samoa,2022,3,6.7202,-13.759,-172.1046,37
Shanghai,China,2022,3,5.8145,31.202,121.4491,38
Unknown,Papua New Guinea,2022,3,5.1028,-6.315,143.9556,39
Cook Islands,New Zealand,2022,3,4.525,-21.2367,-159.7777,40
Unknown,Taiwan*,2022,3,4.0077,23.7,121.0,41
Nova Scotia,Canada,2022,3,3.9758,44.682,-63.7443,42
Isle of Man,United Kingdom,2022,3,3.7653,54.2361,-4.5481,43
"Bonaire, Sint Eustatius and Saba",Netherlands,2022,3,2.8278,12.1784,-68.2385,44
Unknown,El Salvador,2022,3,2.2359,13.7942,-88.8965,45
Saint Barthelemy,France,2022,3,1.9274,17.9,-62.8333,46
Fujian,China,2022,3,1.5657,26.0789,117.9874,47
Unknown,Seychelles,2022,3,1.4601,-4.6796,55.492,48
Newfoundland and Labrador,Canada,2022,3,1.4185,53.1355,-57.6604,49
Northwest Territories,Canada,2022,3,1.2762,64.8255,-124.8457,50
Unknown,US,2022,4,1201.079,40.0,-100.0,1
Unknown,Taiwan*,2022,4,374.782,23.7,121.0,2
Unknown,Spain,2022,4,233.8765,40.4637,-3.7492,3
Unknown,South Africa,2022,4,151.1146,-30.5595,22.9375,4
Ontario,Canada,2022,4,98.669,51.2538,-85.3232,5
Unknown,India,2022,4,95.4601,20.5937,78.9629,6
Shanghai,China,2022,4,77.8687,31.202,121.4491,7
Unknown,Finland,2022,4,50.8385,61.9241,25.7482,8
Unknown,Portugal,2022,4,50.1533,39.3999,-8.2245,9
Reunion,France,2022,4,40.7255,-21.1151,55.5364,10
Unknown,Panama,2022,4,21.5123,8.538,-80.7821,11
Western Australia,Australia,2022,4,18.3604,-31.9505,115.8605,12
Alberta,Canada,2022,4,15.6309,53.9333,-116.5765,13
Unknown,Peru,2022,4,13.8785,-9.19,-75.0152,14
Unknown,Trinidad and Tobago,2022,4,11.4338,10.6918,-61.2225,15
British Columbia,Canada,2022,4,9.8053,53.7267,-127.6476,16
Unknown,Costa Rica,2022,4,7.6265,9.7489,-83.7534,17
Unknown,Solomon Islands,2022,4,7.2934,-9.6457,160.1562,18
Unknown,Barbados,2022,4,6.7751,13.1939,-59.5432,19
Unknown,Samoa,2022,4,6.289,-13.759,-172.1046,20
Unknown,Honduras,2022,4,4.9497,15.2,-86.2419,21
Unknown,Burundi,2022,4,4.8291,-3.3731,29.9189,22
Manitoba,Canada,2022,4,4.8024,53.7609,-98.8139,23
Nova Scotia,Canada,2022,4,2.515,44.682,-63.7443,24
Unknown,Guatemala,2022,4,2.3911,15.7835,-90.2308,25
Unknown,Jamaica,2022,4,1.8227,18.1096,-77.2975,26
Unknown,Sweden,2022,4,1.6269,60.1282,18.6435,27
Mayotte,France,2022,4,1.5177,-12.8275,45.1662,28
Unknown,Grenada,2022,4,1.4672,12.1165,-61.679,29
Bermuda,United Kingdom,2022,4,1.4145,32.3078,-64.7505,30
Beijing,China,2022,4,1.3624,40.1824,116.4142,31
Guernsey,United Kingdom,2022,4,1.3513,49.4482,-2.5895,32
Cayman Islands,United Kingdom,2022,4,1.3399,19.3133,-81.2546,33
Unknown,Palau,2022,4,1.289,7.515,134.5825,34
Unknown,Eswatini,2022,4,1.2877,-26.5225,31.4659,35
Unknown,Namibia,2022,4,1.2683,-22.9576,18.4904,36
Unknown,Paraguay,2022,4,1.004,-23.4425,-58.4438,37
French Guiana,France,2022,4,0.9909,3.9339,-53.1258,38
Jiangxi,China,2022,4,0.9239,27.614,115.7221,39
Unknown,Andorra,2022,4,0.9039,42.5063,1.5218,40
Unknown,Montenegro,2022,4,0.897,42.7087,19.3744,41
Aruba,Netherlands,2022,4,0.8868,12.5211,-69.9683,42
Unknown,Saint Lucia,2022,4,0.8469,13.9094,-60.9789,43
Unknown,San Marino,2022,4,0.6732,43.9424,12.4578,44
St Martin,France,2022,4,0.6387,18.0708,-63.0501,45
British Virgin Islands,United Kingdom,2022,4,0.5989,18.4207,-64.64,46
Heilongjiang,China,2022,4,0.3669,47.862,127.7615,47
Unknown,Belize,2022,4,0.3286,17.1899,-88.4976,48
Montserrat,United Kingdom,2022,4,0.3279,16.7425,-62.1874,49
Unknown,Mali,2022,4,0.3273,17.5707,-3.9962,50
Unknown,Taiwan*,2022,5,2276.5879,23.7,121.0,1
Unknown,US,2022,5,1002.1052,40.0,-100.0,2
Unknown,Portugal,2022,5,557.0698,39.3999,-8.2245,3
Unknown,Brazil,2022,5,468.8819,-14.235,-51.9253,4
Unknown,Argentina,2022,5,236.7879,-38.4161,-63.6167,5
Unknown,Chile,2022,5,195.6016,-35.6751,-71.543,6
Unknown,Mexico,2022,5,95.3859,23.6345,-102.5528,7
Unknown,Uruguay,2022,5,69.2835,-32.5228,-55.7658,8
Unknown,Panama,2022,5,68.0129,8.538,-80.7821,9
Unknown,Singapore,2022,5,26.5778,1.2833,103.8333,10
Unknown,Colombia,2022,5,15.0738,4.5709,-74.2973,11
Unknown,Saudi Arabia,2022,5,14.2597,23.8859,45.0792,12
Unknown,Namibia,2022,5,13.6444,-22.9576,18.4904,13
Unknown,Dominican Republic,2022,5,10.0911,18.7357,-70.1627,14
Unknown,Ecuador,2022,5,9.1331,-1.8312,-78.1834,15
Unknown,Jamaica,2022,5,8.5685,18.1096,-77.2975,16
Unknown,Guatemala,2022,5,7.3726,15.7835,-90.2308,17
Unknown,United Arab Emirates,2022,5,6.8903,23.4241,53.8478,18
Unknown,Morocco,2022,5,6.6581,31.7917,-7.0926,19
Unknown,Botswana,2022,5,6.4718,-22.3285,24.6849,20
Unknown,Costa Rica,2022,5,6.025,9.7489,-83.7534,21
Unknown,Ethiopia,2022,5,5.9194,9.145,40.4897,22
Unknown,Zimbabwe,2022,5,5.4411,-19.0154,29.1549,23
Unknown,Bolivia,2022,5,4.8786,-16.2902,-63.5887,24
Unknown,Brunei,2022,5,4.6524,4.5353,114.7277,25
Unknown,Qatar,2022,5,4.5464,25.3548,51.1839,26
Unknown,Estonia,2022,5,3.7968,58.5953,25.0136,27
Unknown,Ukraine,2022,5,3.6504,48.3794,31.1656,28
French Guiana,France,2022,5,3.4218,3.9339,-53.1258,29
Unknown,Congo (Kinshasa),2022,5,3.3706,-4.0383,21.7587,30
Unknown,Belize,2022,5,3.2927,17.1899,-88.4976,31
Unknown,Kenya,2022,5,3.0512,-0.0236,37.9062,32
Unknown,El Salvador,2022,5,2.6855,13.7942,-88.8965,33
Unknown,Afghanistan,2022,5,2.6157,33.9391,67.71,34
Unknown,Iceland,2022,5,2.5012,64.9631,-19.0208,35
Unknown,Angola,2022,5,2.1331,-11.2027,17.8739,36
Unknown,Indonesia,2022,5,2.0169,-0.7893,113.9213,37
Unknown,Guyana,2022,5,1.9794,4.8604,-58.9302,38
Unknown,Bahamas,2022,5,1.6863,25.0259,-78.0359,39
Aruba,Netherlands,2022,5,1.6008,12.5211,-69.9683,40
Unknown,Kuwait,2022,5,1.404,29.3117,47.4818,41
Cayman Islands,United Kingdom,2022,5,1.3956,19.3133,-81.2546,42
Unknown,Malaysia,2022,5,1.3738,4.2105,101.9758,43
Unknown,Antigua and Barbuda,2022,5,1.3129,17.0608,-61.7964,44
Unknown,Paraguay,2022,5,1.1871,-23.4425,-58.4438,45
Unknown,Jordan,2022,5,1.0988,31.24,36.51,46
Unknown,Mongolia,2022,5,1.0,46.8625,103.8467,47
Unknown,Iraq,2022,5,0.9637,33.2232,43.6793,48
New Caledonia,France,2022,5,0.9149,-20.9043,165.618,49
Unknown,Saint Lucia,2022,5,0.8363,13.9094,-60.9789,50
Unknown,France,2022,6,3374.1318,46.2276,2.2137,1
Unknown,Germany,2022,6,2654.5251,51.1657,10.4515,2
Unknown,Italy,2022,6,2126.1387,41.8719,12.5674,3
Unknown,Brazil,2022,6,1245.1284,-14.235,-51.9253,4
Unknown,United Kingdom,2022,6,710.6888,55.3781,-3.436,5
Unknown,Mexico,2022,6,618.1791,23.6345,-102.5528,6
Unknown,India,2022,6,485.0928,20.5937,78.9629,7
Unknown,Greece,2022,6,426.5648,39.0742,21.8243,8
Unknown,Israel,2022,6,363.5866,31.0461,34.8516,9
Unknown,Austria,2022,6,352.0285,47.5162,14.5501,10
Unknown,Singapore,2022,6,198.3342,1.2833,103.8333,11
Unknown,Switzerland,2022,6,194.6469,46.8182,8.2275,12
Unknown,Belgium,2022,6,189.3949,50.8333,4.4699,13
Unknown,Netherlands,2022,6,188.3228,52.1326,5.2913,14
Unknown,Turkey,2022,6,185.584,38.9637,35.2433,15
Unknown,Colombia,2022,6,163.3041,4.5709,-74.2973,16
New South Wales,Australia,2022,6,130.0901,-33.8688,151.2093,17
Unknown,Morocco,2022,6,115.8754,31.7917,-7.0926,18
Unknown,Guatemala,2022,6,103.5079,15.7835,-90.2308,19
Unknown,Peru,2022,6,83.96,-9.19,-75.0152,20
Unknown,Bangladesh,2022,6,80.4147,23.685,90.3563,21
Unknown,Iraq,2022,6,74.8587,33.2232,43.6793,22
Unknown,Indonesia,2022,6,71.4107,-0.7893,113.9213,23
Hong Kong,China,2022,6,63.6547,22.3,114.2,24
Unknown,Ireland,2022,6,60.8885,53.1424,-7.6921,25
Unknown,Denmark,2022,6,60.4939,56.2639,9.5018,26
Unknown,Bahrain,2022,6,50.4016,26.0275,50.55,27
Unknown,United Arab Emirates,2022,6,49.1335,23.4241,53.8478,28
Unknown,Bolivia,2022,6,39.6454,-16.2902,-63.5887,29
Unknown,Lebanon,2022,6,35.7811,33.8547,35.8623,30
Unknown,Tunisia,2022,6,35.5913,33.8869,9.5375,31
Unknown,Czechia,2022,6,34.4445,49.8175,15.473,32
Unknown,Malaysia,2022,6,32.4011,4.2105,101.9758,33
Queensland,Australia,2022,6,31.3519,-27.4698,153.0251,34
Unknown,Philippines,2022,6,28.5806,12.8797,121.774,35
Quebec,Canada,2022,6,25.5653,52.9399,-73.5491,36
Unknown,Slovenia,2022,6,24.295,46.1512,14.9955,37
Unknown,Ecuador,2022,6,23.4185,-1.8312,-78.1834,38
Unknown,Botswana,2022,6,22.8162,-22.3285,24.6849,39
Unknown,Luxembourg,2022,6,22.7969,49.8153,6.1296,40
Tasmania,Australia,2022,6,22.5749,-42.8821,147.3272,41
Australian Capital Territory,Australia,2022,6,20.5769,-35.4735,149.0124,42
Unknown,Serbia,2022,6,20.2641,44.0165,21.0059,43
Unknown,Sweden,2022,6,19.2469,60.1282,18.6435,44
Unknown,Croatia,2022,6,18.723,45.1,15.2,45
Unknown,Norway,2022,6,18.6009,60.472,8.4689,46
Unknown,Malta,2022,6,18.5308,35.9375,14.3754,47
Unknown,Pakistan,2022,6,18.3088,30.3753,69.3451,48
Victoria,Australia,2022,6,18.0914,-37.8136,144.9631,49
Unknown,Qatar,2022,6,18.0567,25.3548,51.1839,50
Unknown,Japan,2022,7,7451.2959,36.2048,138.2529,1
Unknown,"Korea, South",2022,7,2703.4333,35.9078,127.7669,2
Unknown,Turkey,2022,7,1862.9028,38.9637,35.2433,3
Unknown,US,2022,7,507.2185,40.0,-100.0,4
Unknown,Greece,2022,7,364.3286,39.0742,21.8243,5
Unknown,Iran,2022,7,340.7488,32.4279,53.688,6
Unknown,Costa Rica,2022,7,328.7722,9.7489,-83.7534,7
Unknown,Russia,2022,7,283.7718,61.524,105.3188,8
Unknown,Peru,2022,7,279.9968,-9.19,-75.0152,9
Unknown,Romania,2022,7,273.9435,45.9432,24.9668,10
Unknown,Argentina,2022,7,250.2577,-38.4161,-63.6167,11
Unknown,Serbia,2022,7,183.3661,44.0165,21.0059,12
Queensland,Australia,2022,7,159.6702,-27.4698,153.0251,13
Unknown,Indonesia,2022,7,145.3444,-0.7893,113.9213,14
Unknown,Bolivia,2022,7,135.7597,-16.2902,-63.5887,15
New South Wales,Australia,2022,7,121.5314,-33.8688,151.2093,16
Unknown,India,2022,7,108.2968,20.5937,78.9629,17
Unknown,Kazakhstan,2022,7,107.5274,48.0196,66.9237,18
Unknown,Philippines,2022,7,96.7298,12.8797,121.774,19
Unknown,Poland,2022,7,95.8452,51.9194,19.1451,20
Hong Kong,China,2022,7,93.9532,22.3,114.2,21
Victoria,Australia,2022,7,88.3194,-37.8136,144.9631,22
Unknown,Czechia,2022,7,85.4488,49.8175,15.473,23
Unknown,Lebanon,2022,7,54.8673,33.8547,35.8623,24
Unknown,Malaysia,2022,7,53.7508,4.2105,101.9758,25
Unknown,Hungary,2022,7,51.8968,47.1625,19.5033,26
Unknown,Georgia,2022,7,51.8811,42.3154,43.3569,27
Unknown,Kosovo,2022,7,49.5153,42.6026,20.903,28
Unknown,Mongolia,2022,7,40.9359,46.8625,103.8467,29
Unknown,Ecuador,2022,7,36.7234,-1.8312,-78.1834,30
Unknown,Bulgaria,2022,7,36.3186,42.7339,25.4858,31
Unknown,West Bank and Gaza,2022,7,36.2633,31.9522,35.2332,32
Ontario,Canada,2022,7,33.0948,51.2538,-85.3232,33
Unknown,Mauritius,2022,7,32.9653,-20.3484,57.5522,34
Unknown,Vietnam,2022,7,32.3472,14.0583,108.2772,35
Unknown,Colombia,2022,7,30.7871,4.5709,-74.2973,36
Unknown,Slovakia,2022,7,29.5117,48.669,19.699,37
Unknown,Lithuania,2022,7,28.823,55.1694,23.8813,38
Unknown,Montenegro,2022,7,28.023,42.7087,19.3744,39
Unknown,Latvia,2022,7,27.5782,56.8796,24.6032,40
Unknown,Slovenia,2022,7,23.6113,46.1512,14.9955,41
Unknown,Moldova,2022,7,23.0661,47.4116,28.3699,42
Reunion,France,2022,7,21.1653,-21.1151,55.5364,43
Unknown,Sweden,2022,7,20.377,60.1282,18.6435,44
Unknown,Albania,2022,7,19.8613,41.1533,20.1683,45
Unknown,Micronesia,2022,7,18.1052,7.4256,150.5508,46
Unknown,North Macedonia,2022,7,17.4202,41.6086,21.7453,47
Unknown,Honduras,2022,7,16.8903,15.2,-86.2419,48
Unknown,Croatia,2022,7,16.6129,45.1,15.2,49
Unknown,Azerbaijan,2022,7,15.8375,40.1431,47.5769,50
Unknown,Russia,2022,8,1148.1544,61.524,105.3188,1
Unknown,Taiwan*,2022,8,258.031,23.7,121.0,2
Hong Kong,China,2022,8,182.9492,22.3,114.2,3
Unknown,El Salvador,2022,8,61.9105,13.7942,-88.8965,4
Unknown,Ukraine,2022,8,38.3528,48.3794,31.1656,5
Unknown,Marshall Islands,2022,8,19.156,7.1315,171.1845,6
Sichuan,China,2022,8,3.9774,30.6171,102.7103,7
Unknown,Azerbaijan,2022,8,3.8891,40.1431,47.5769,8
Unknown,Burma,2022,8,2.5565,21.9162,95.956,9
Tibet,China,2022,8,2.0601,31.6927,88.0924,10
Unknown,Tonga,2022,8,2.0206,-21.179,-175.1982,11
Unknown,South Africa,2022,8,1.9931,-30.5595,22.9375,12
Saskatchewan,Canada,2022,8,1.8435,52.9399,-106.4509,13
Unknown,Cameroon,2022,8,1.5492,3.848,11.5021,14
Unknown,Samoa,2022,8,1.3081,-13.759,-172.1046,15
Unknown,Armenia,2022,8,1.0117,40.0691,45.0382,16
Unknown,Liberia,2022,8,0.9504,6.4281,-9.4295,17
Unknown,Benin,2022,8,0.9121,9.3077,2.3158,18
British Virgin Islands,United Kingdom,2022,8,0.9032,18.4207,-64.64,19
Unknown,Mali,2022,8,0.7185,17.5707,-3.9962,20
Unknown,Afghanistan,2022,8,0.5286,33.9391,67.71,21
Unknown,Niger,2022,8,0.5218,17.6078,8.0817,22
Shaanxi,China,2022,8,0.5153,35.1917,108.8701,23
Chongqing,China,2022,8,0.4641,30.0572,107.874,24
Tianjin,China,2022,8,0.3855,39.3054,117.323,25
Xinjiang,China,2022,8,0.3274,41.1129,85.2401,26
Unknown,Grenada,2022,8,0.2782,12.1165,-61.679,27
Unknown,Chad,2022,8,0.2734,15.4542,18.7322,28
Alberta,Canada,2022,8,0.2685,53.9333,-116.5765,29
Unknown,Laos,2022,8,0.2661,19.8563,102.4955,30
Heilongjiang,China,2022,8,0.2294,47.862,127.7615,31
Unknown,Vanuatu,2022,8,0.225,-15.3767,166.9592,32
Unknown,Antigua and Barbuda,2022,8,0.1988,17.0608,-61.7964,33
Isle of Man,United Kingdom,2022,8,0.1766,54.2361,-4.5481,34
Unknown,Seychelles,2022,8,0.1758,-4.6796,55.492,35
Liaoning,China,2022,8,0.1645,41.2956,122.6085,36
Unknown,Palau,2022,8,0.1613,7.515,134.5825,37
Manitoba,Canada,2022,8,0.144,53.7609,-98.8139,38
Henan,China,2022,8,0.1435,37.8957,114.9042,39
Shanxi,China,2022,8,0.1355,37.5777,112.2922,40
Qinghai,China,2022,8,0.1282,35.7452,95.9956,41
Anguilla,United Kingdom,2022,8,0.1008,18.2206,-63.0686,42
Unknown,Central African Republic,2022,8,0.0698,6.6111,20.9394,43
"Bonaire, Sint Eustatius and Saba",Netherlands,2022,8,0.0694,12.1784,-68.2385,44
Hunan,China,2022,8,0.0528,27.6104,111.7088,45
Unknown,Comoros,2022,8,0.0476,-11.6455,43.3333,46
Montserrat,United Kingdom,2022,8,0.0379,16.7425,-62.1874,47
Unknown,Tuvalu,2022,8,0.0339,-7.1095,177.6493,48
Hubei,China,2022,8,0.0319,30.9756,112.2707,49
Unknown,Suriname,2022,8,0.031,3.9193,-56.0278,50
Unknown,Germany,2022,9,1585.7552,51.1657,10.4515,1
Unknown,France,2022,9,1407.285,46.2276,2.2137,2
Unknown,Italy,2022,9,545.9393,41.8719,12.5674,3
Unknown,Taiwan*,2022,9,374.568,23.7,121.0,4
Unknown,Austria,2022,9,310.5471,47.5162,14.5501,5
Unknown,United Kingdom,2022,9,295.6663,55.3781,-3.436,6
Unknown,Ukraine,2022,9,225.8563,48.3794,31.1656,7
Unknown,Greece,2022,9,87.2118,39.0742,21.8243,8
Unknown,Czechia,2022,9,68.7697,49.8175,15.473,9
Unknown,Netherlands,2022,9,65.6814,52.1326,5.2913,10
Unknown,Belgium,2022,9,53.1132,50.8333,4.4699,11
Unknown,Spain,2022,9,49.261,40.4637,-3.7492,12
Unknown,Singapore,2022,9,48.2685,1.2833,103.8333,13
Unknown,Hungary,2022,9,46.7829,47.1625,19.5033,14
Unknown,Slovenia,2022,9,39.1628,46.1512,14.9955,15
Unknown,Portugal,2022,9,37.422,39.3999,-8.2245,16
Unknown,Switzerland,2022,9,37.0919,46.8182,8.2275,17
Unknown,Poland,2022,9,36.9293,51.9194,19.1451,18
Unknown,Latvia,2022,9,29.6309,56.8796,24.6032,19
Unknown,Denmark,2022,9,24.0581,56.2639,9.5018,20
Unknown,Lithuania,2022,9,20.2512,55.1694,23.8813,21
Unknown,Slovakia,2022,9,19.517,48.669,19.699,22
Unknown,Bangladesh,2022,9,18.3055,23.685,90.3563,23
Queensland,Australia,2022,9,15.7482,-27.4698,153.0251,24
Unknown,Cyprus,2022,9,12.5357,35.1264,33.4299,25
Unknown,Georgia,2022,9,12.1551,42.3154,43.3569,26
Unknown,Qatar,2022,9,10.327,25.3548,51.1839,27
Unknown,Israel,2022,9,8.4883,31.0461,34.8516,28
Unknown,Burma,2022,9,8.2405,21.9162,95.956,29
Unknown,Bahrain,2022,9,7.8251,26.0275,50.55,30
Quebec,Canada,2022,9,7.6981,52.9399,-73.5491,31
Unknown,Bulgaria,2022,9,7.271,42.7339,25.4858,32
Alberta,Canada,2022,9,6.6516,53.9333,-116.5765,33
South Australia,Australia,2022,9,5.1956,-34.9285,138.6007,34
Unknown,Dominica,2022,9,4.5795,15.415,-61.371,35
"Saint Helena, Ascension and Tristan da Cunha",United Kingdom,2022,9,4.2225,-7.9467,-14.3559,36
Unknown,Estonia,2022,9,4.1417,58.5953,25.0136,37
Guadeloupe,France,2022,9,4.1139,16.265,-61.551,38
Unknown,Seychelles,2022,9,4.0209,-4.6796,55.492,39
Unknown,Ireland,2022,9,3.5815,53.1424,-7.6921,40
Unknown,Luxembourg,2022,9,3.2452,49.8153,6.1296,41
Unknown,Croatia,2022,9,3.0681,45.1,15.2,42
Tasmania,Australia,2022,9,2.8603,-42.8821,147.3272,43
Unknown,South Africa,2022,9,2.8578,-30.5595,22.9375,44
Guizhou,China,2022,9,2.7758,26.8154,106.8748,45
Unknown,Burkina Faso,2022,9,2.5737,12.2383,-1.5616,46
Unknown,Moldova,2022,9,2.0002,47.4116,28.3699,47
Unknown,Iraq,2022,9,1.84,33.2232,43.6793,48
Unknown,Oman,2022,9,1.7143,21.5126,55.9233,49
Unknown,Ghana,2022,9,1.5595,7.9465,-1.0232,50
Unknown,"Korea, South",2022,10,641.2186,35.9078,127.7669,1
Unknown,Japan,2022,10,333.5762,36.2048,138.2529,2
Unknown,Chile,2022,10,127.0923,-35.6751,-71.543,3
Unknown,Ukraine,2022,10,105.3613,48.3794,31.1656,4
Unknown,New Zealand,2022,10,80.4851,-40.9006,174.886,5
Unknown,Spain,2022,10,72.8927,40.4637,-3.7492,6
Hong Kong,China,2022,10,61.6855,22.3,114.2,7
Unknown,Indonesia,2022,10,51.9452,-0.7893,113.9213,8
Unknown,Malaysia,2022,10,48.6964,4.2105,101.9758,9
Unknown,Brazil,2022,10,33.2077,-14.235,-51.9253,10
Unknown,Thailand,2022,10,13.8315,15.87,100.9925,11
Western Australia,Australia,2022,10,11.8657,-31.9505,115.8605,12
South Australia,Australia,2022,10,10.6565,-34.9285,138.6007,13
Unknown,Israel,2022,10,7.1117,31.0461,34.8516,14
Unknown,Cyprus,2022,10,6.8581,35.1264,33.4299,15
Unknown,Seychelles,2022,10,6.4532,-4.6796,55.492,16
Unknown,Cameroon,2022,10,6.3774,3.848,11.5021,17
Unknown,Mauritius,2022,10,6.2294,-20.3484,57.5522,18
Unknown,Saudi Arabia,2022,10,5.3911,23.8859,45.0792,19
Unknown,Pakistan,2022,10,5.2435,30.3753,69.3451,20
Unknown,Peru,2022,10,4.2077,-9.19,-75.0152,21
Saskatchewan,Canada,2022,10,3.9815,52.9399,-106.4509,22
Victoria,Australia,2022,10,3.8601,-37.8136,144.9631,23
Unknown,South Africa,2022,10,3.7996,-30.5595,22.9375,24
Alberta,Canada,2022,10,2.4895,53.9333,-116.5765,25
Tasmania,Australia,2022,10,2.3476,-42.8821,147.3272,26
Australian Capital Territory,Australia,2022,10,2.1242,-35.4735,149.0124,27
Unknown,Panama,2022,10,2.1125,8.538,-80.7821,28
Ontario,Canada,2022,10,2.0573,51.2538,-85.3232,29
Unknown,Uruguay,2022,10,1.9548,-32.5228,-55.7658,30
Unknown,Norway,2022,10,1.8556,60.472,8.4689,31
Unknown,Kenya,2022,10,1.7262,-0.0236,37.9062,32
Guangdong,China,2022,10,1.3133,23.3417,113.4244,33
Reunion,France,2022,10,1.2516,-21.1151,55.5364,34
New South Wales,Australia,2022,10,1.0746,-33.8688,151.2093,35
Shanxi,China,2022,10,1.0403,37.5777,112.2922,36
Unknown,Comoros,2022,10,1.0008,-11.6455,43.3333,37
Unknown,Venezuela,2022,10,0.8407,6.4238,-66.5897,38
Unknown,Oman,2022,10,0.7028,21.5126,55.9233,39
Unknown,West Bank and Gaza,2022,10,0.6508,31.9522,35.2332,40
Manitoba,Canada,2022,10,0.6133,53.7609,-98.8139,41
Northern Territory,Australia,2022,10,0.5335,-12.4634,130.8456,42
Unknown,Tanzania,2022,10,0.5133,-6.369,34.8888,43
Unknown,Maldives,2022,10,0.4996,3.2028,73.2207,44
Unknown,Uzbekistan,2022,10,0.496,41.3775,64.5853,45
Unknown,Uganda,2022,10,0.4657,1.3733,32.2903,46
Fujian,China,2022,10,0.4383,26.0789,117.9874,47
Unknown,Gambia,2022,10,0.4355,13.4432,-15.3101,48
Unknown,Morocco,2022,10,0.4177,31.7917,-7.0926,49
Unknown,Namibia,2022,10,0.3738,-22.9576,18.4904,50
Unknown,Japan,2022,11,1914.8315,36.2048,138.2529,1
Unknown,France,2022,11,1359.115,46.2276,2.2137,2
Unknown,Brazil,2022,11,792.125,-14.235,-51.9253,3
Unknown,"Korea, South",2022,11,381.4807,35.9078,127.7669,4
Unknown,Peru,2022,11,274.3384,-9.19,-75.0152,5
Unknown,Italy,2022,11,269.5651,41.8719,12.5674,6
Unknown,US,2022,11,266.8185,40.0,-100.0,7
Hong Kong,China,2022,11,158.8194,22.3,114.2,8
Unknown,Czechia,2022,11,150.1511,49.8175,15.473,9
Unknown,New Zealand,2022,11,74.743,-40.9006,174.886,10
Victoria,Australia,2022,11,71.0527,-37.8136,144.9631,11
Guangdong,China,2022,11,46.5366,23.3417,113.4244,12
Unknown,Georgia,2022,11,45.8552,42.3154,43.3569,13
Unknown,Panama,2022,11,42.1615,8.538,-80.7821,14
Unknown,Israel,2022,11,38.3237,31.0461,34.8516,15
Beijing,China,2022,11,33.6612,40.1824,116.4142,16
Unknown,Mauritius,2022,11,32.0238,-20.3484,57.5522,17
Unknown,Indonesia,2022,11,25.4191,-0.7893,113.9213,18
Unknown,Guatemala,2022,11,21.2638,15.7835,-90.2308,19
New South Wales,Australia,2022,11,21.1499,-33.8688,151.2093,20
Unknown,Slovenia,2022,11,18.2572,46.1512,14.9955,21
Unknown,Thailand,2022,11,17.883,15.87,100.9925,22
Unknown,Belgium,2022,11,14.4022,50.8333,4.4699,23
Unknown,Argentina,2022,11,14.0311,-38.4161,-63.6167,24
Unknown,Austria,2022,11,13.0434,47.5162,14.5501,25
Unknown,Brunei,2022,11,12.7157,4.5353,114.7277,26
South Australia,Australia,2022,11,11.909,-34.9285,138.6007,27
Unknown,Dominican Republic,2022,11,9.2594,18.7357,-70.1627,28
Queensland,Australia,2022,11,8.5991,-27.4698,153.0251,29
Unknown,Zimbabwe,2022,11,8.2,-19.0154,29.1549,30
Sichuan,China,2022,11,7.4917,30.6171,102.7103,31
Chongqing,China,2022,11,7.3791,30.0572,107.874,32
Unknown,Hungary,2022,11,7.2857,47.1625,19.5033,33
Unknown,Denmark,2022,11,7.0705,56.2639,9.5018,34
Shanxi,China,2022,11,7.0383,37.5777,112.2922,35
New Caledonia,France,2022,11,6.3949,-20.9043,165.618,36
Unknown,Mongolia,2022,11,6.3671,46.8625,103.8467,37
Unknown,Angola,2022,11,5.7319,-11.2027,17.8739,38
Unknown,Philippines,2022,11,5.6383,12.8797,121.774,39
Unknown,Uzbekistan,2022,11,4.7867,41.3775,64.5853,40
Saskatchewan,Canada,2022,11,4.6997,52.9399,-106.4509,41
Guadeloupe,France,2022,11,4.6977,16.265,-61.551,42
Unknown,Uruguay,2022,11,4.543,-32.5228,-55.7658,43
Unknown,Iraq,2022,11,3.915,33.2232,43.6793,44
Yunnan,China,2022,11,3.8939,24.974,101.487,45
Hebei,China,2022,11,3.8799,39.549,116.1306,46
Unknown,Morocco,2022,11,3.5742,31.7917,-7.0926,47
Martinique,France,2022,11,3.5168,14.6415,-61.0242,48
French Guiana,France,2022,11,3.4779,3.9339,-53.1258,49
Henan,China,2022,11,3.4465,37.8957,114.9042,50
Unknown,Japan,2022,12,2247.4846,36.2048,138.2529,1
Hong Kong,China,2022,12,533.8193,22.3,114.2,2
Unknown,"Korea, South",2022,12,465.8553,35.9078,127.7669,3
Unknown,Taiwan*,2022,12,392.5871,23.7,121.0,4
Unknown,Argentina,2022,12,209.2379,-38.4161,-63.6167,5
Unknown,Germany,2022,12,160.5911,51.1657,10.4515,6
Unknown,Bolivia,2022,12,74.2831,-16.2902,-63.5887,7
Unknown,Chile,2022,12,42.3335,-35.6751,-71.543,8
Unknown,Colombia,2022,12,38.2988,4.5709,-74.2973,9
Unknown,Ecuador,2022,12,33.5746,-1.8312,-78.1834,10
Unknown,Uruguay,2022,12,31.2282,-32.5228,-55.7658,11
Guangdong,China,2022,12,21.4464,23.3417,113.4244,12
Unknown,Sweden,2022,12,19.4073,60.1282,18.6435,13
Fujian,China,2022,12,11.4331,26.0789,117.9874,14
Unknown,Hungary,2022,12,10.4403,47.1625,19.5033,15
Unknown,Netherlands,2022,12,9.4879,52.1326,5.2913,16
Hubei,China,2022,12,7.5968,30.9756,112.2707,17
Hunan,China,2022,12,6.9488,27.6104,111.7088,18
Yunnan,China,2022,12,6.679,24.974,101.487,19
Unknown,Honduras,2022,12,5.6391,15.2,-86.2419,20
Unknown,Romania,2022,12,4.7734,45.9432,24.9668,21
Guangxi,China,2022,12,4.1044,23.8298,108.7881,22
Unknown,Guatemala,2022,12,3.7323,15.7835,-90.2308,23
Unknown,Ethiopia,2022,12,3.7077,9.145,40.4897,24
Macau,China,2022,12,3.4427,22.1667,113.55,25
Unknown,Croatia,2022,12,3.3665,45.1,15.2,26
Jiangxi,China,2022,12,3.1194,27.614,115.7221,27
Unknown,Poland,2022,12,3.0222,51.9194,19.1451,28
Tianjin,China,2022,12,2.8706,39.3054,117.323,29
Unknown,Zambia,2022,12,2.7589,-13.1339,27.8493,30
Chongqing,China,2022,12,2.7153,30.0572,107.874,31
Unknown,Barbados,2022,12,2.5847,13.1939,-59.5432,32
Shanghai,China,2022,12,1.9915,31.202,121.4491,33
Unknown,Azerbaijan,2022,12,1.4843,40.1431,47.5769,34
Unknown,Iceland,2022,12,1.4081,64.9631,-19.0208,35
Saskatchewan,Canada,2022,12,1.3375,52.9399,-106.4509,36
Ningxia,China,2022,12,1.2371,37.2692,106.1655,37
Unknown,Norway,2022,12,1.2149,60.472,8.4689,38
Unknown,Costa Rica,2022,12,1.1661,9.7489,-83.7534,39
Shaanxi,China,2022,12,1.0669,35.1917,108.8701,40
Unknown,Estonia,2022,12,1.0621,58.5953,25.0136,41
Unknown,Guyana,2022,12,0.9367,4.8604,-58.9302,42
Unknown,Belize,2022,12,0.8399,17.1899,-88.4976,43
Unknown,Venezuela,2022,12,0.8391,6.4238,-66.5897,44
Unknown,Namibia,2022,12,0.8387,-22.9576,18.4904,45
Unknown,Iran,2022,12,0.6815,32.4279,53.688,46
Niue,New Zealand,2022,12,0.6726,-19.0544,-169.8672,47
Unknown,Lebanon,2022,12,0.6484,33.8547,35.8623,48
Unknown,Burkina Faso,2022,12,0.6048,12.2383,-1.5616,49
Unknown,Cuba,2022,12,0.5746,21.5218,-77.7812,50
Unknown,Russia,2023,1,122.0996,61.524,105.3188,1
Unknown,Ecuador,2023,1,11.6613,-1.8312,-78.1834,2
Unknown,Kazakhstan,2023,1,5.8657,48.0196,66.9237,3
Unknown,Zimbabwe,2023,1,5.2419,-19.0154,29.1549,4
Unknown,Georgia,2023,1,4.7133,42.3154,43.3569,5
Unknown,South Africa,2023,1,4.0722,-30.5595,22.9375,6
Unknown,Poland,2023,1,3.7577,51.9194,19.1451,7
Unknown,Moldova,2023,1,2.8234,47.4116,28.3699,8
Unknown,Burundi,2023,1,2.6105,-3.3731,29.9189,9
Unknown,Botswana,2023,1,2.294,-22.3285,24.6849,10
Nova Scotia,Canada,2023,1,2.1819,44.682,-63.7443,11
Unknown,Seychelles,2023,1,1.875,-4.6796,55.492,12
Unknown,Zambia,2023,1,1.7415,-13.1339,27.8493,13
Unknown,Austria,2023,1,1.7113,47.5162,14.5501,14
Unknown,Oman,2023,1,1.6653,21.5126,55.9233,15
Unknown,Namibia,2023,1,1.2673,-22.9576,18.4904,16
Unknown,Mozambique,2023,1,1.2004,-18.6657,35.5296,17
Unknown,Trinidad and Tobago,2023,1,1.1202,10.6918,-61.2225,18
Unknown,Tunisia,2023,1,1.1105,33.8869,9.5375,19
Unknown,Lebanon,2023,1,0.9423,33.8547,35.8623,20
Unknown,United Arab Emirates,2023,1,0.7532,23.4241,53.8478,21
Unknown,Micronesia,2023,1,0.6907,7.4256,150.5508,22
Unknown,Congo (Kinshasa),2023,1,0.5907,-4.0383,21.7587,23
Unknown,Afghanistan,2023,1,0.5863,33.9391,67.71,24
Unknown,Malawi,2023,1,0.5831,-13.2543,34.3015,25
Unknown,Papua New Guinea,2023,1,0.5262,-6.315,143.9556,26
Unknown,Venezuela,2023,1,0.5246,6.4238,-66.5897,27
Unknown,Saudi Arabia,2023,1,0.504,23.8859,45.0792,28
Unknown,Tanzania,2023,1,0.3681,-6.369,34.8888,29
Unknown,Jamaica,2023,1,0.3633,18.1096,-77.2975,30
Unknown,Samoa,2023,1,0.321,-13.759,-172.1046,31
Unknown,Iran,2023,1,0.3165,32.4279,53.688,32
Unknown,Angola,2023,1,0.2871,-11.2027,17.8739,33
Unknown,Haiti,2023,1,0.25,18.9712,-72.2852,34
Saint Pierre and Miquelon,France,2023,1,0.2198,46.8852,-56.3159,35
New Brunswick,Canada,2023,1,0.1948,46.5653,-66.4619,36
Saskatchewan,Canada,2023,1,0.1694,52.9399,-106.4509,37
Unknown,Marshall Islands,2023,1,0.1298,7.1315,171.1845,38
Unknown,Liberia,2023,1,0.0827,6.4281,-9.4295,39
Unknown,Mauritania,2023,1,0.0685,21.0079,-10.9408,40
Unknown,Algeria,2023,1,0.0673,28.0339,1.6596,41
Newfoundland and Labrador,Canada,2023,1,0.0565,53.1355,-57.6604,42
Unknown,Saint Lucia,2023,1,0.056,13.9094,-60.9789,43
Unknown,Guinea,2023,1,0.0516,9.9456,-9.6966,44
Unknown,Kosovo,2023,1,0.048,42.6026,20.903,45
Unknown,Central African Republic,2023,1,0.0427,6.6111,20.9394,46
Unknown,Mali,2023,1,0.0383,17.5707,-3.9962,47
Turks and Caicos Islands,United Kingdom,2023,1,0.0347,21.694,-71.7979,48
Unknown,Eswatini,2023,1,0.0274,-26.5225,31.4659,49
Unknown,Equatorial Guinea,2023,1,0.0226,1.6508,10.2679,50
Unknown,Germany,2023,2,277.6073,51.1657,10.4515,1
Unknown,Russia,2023,2,116.6987,61.524,105.3188,2
Unknown,Austria,2023,2,71.5509,47.5162,14.5501,3
Unknown,Poland,2023,2,63.9882,51.9194,19.1451,4
Unknown,France,2023,2,34.991,46.2276,2.2137,5
Unknown,Romania,2023,2,32.4242,45.9432,24.9668,6
Unknown,New Zealand,2023,2,24.6565,-40.9006,174.886,7
Unknown,Czechia,2023,2,23.8251,49.8175,15.473,8
Unknown,Bahrain,2023,2,22.3295,26.0275,50.55,9
Unknown,Netherlands,2023,2,21.3941,52.1326,5.2913,10
Unknown,South Africa,2023,2,10.9609,-30.5595,22.9375,11
Unknown,Switzerland,2023,2,10.5359,46.8182,8.2275,12
Unknown,Chile,2023,2,10.3938,-35.6751,-71.543,13
Unknown,Belgium,2023,2,10.2649,50.8333,4.4699,14
Unknown,Singapore,2023,2,7.9023,1.2833,103.8333,15
Unknown,Kazakhstan,2023,2,7.6013,48.0196,66.9237,16
Unknown,Moldova,2023,2,6.0014,47.4116,28.3699,17
Unknown,Slovenia,2023,2,5.6286,46.1512,14.9955,18
Unknown,Serbia,2023,2,4.9674,44.0165,21.0059,19
Unknown,Israel,2023,2,4.5638,31.0461,34.8516,20
Unknown,Trinidad and Tobago,2023,2,4.2917,10.6918,-61.2225,21
Unknown,India,2023,2,3.7709,20.5937,78.9629,22
Unknown,Slovakia,2023,2,2.7362,48.669,19.699,23
Unknown,Paraguay,2023,2,2.6511,-23.4425,-58.4438,24
Unknown,Montenegro,2023,2,2.4704,42.7087,19.3744,25
Unknown,Kuwait,2023,2,2.4548,29.3117,47.4818,26
Australian Capital Territory,Australia,2023,2,2.2775,-35.4735,149.0124,27
New Brunswick,Canada,2023,2,2.0337,46.5653,-66.4619,28
Tasmania,Australia,2023,2,1.9647,-42.8821,147.3272,29
Unknown,Iran,2023,2,1.8369,32.4279,53.688,30
Unknown,Estonia,2023,2,1.6968,58.5953,25.0136,31
Unknown,Qatar,2023,2,1.5791,25.3548,51.1839,32
Unknown,Cameroon,2023,2,1.4464,3.848,11.5021,33
Unknown,Bulgaria,2023,2,1.4026,42.7339,25.4858,34
Unknown,Tunisia,2023,2,1.382,33.8869,9.5375,35
Unknown,Honduras,2023,2,1.3741,15.2,-86.2419,36
Unknown,United Arab Emirates,2023,2,1.2778,23.4241,53.8478,37
Unknown,Pakistan,2023,2,1.0274,30.3753,69.3451,38
Unknown,Malta,2023,2,0.8979,35.9375,14.3754,39
Unknown,Nigeria,2023,2,0.8894,9.082,8.6753,40
Unknown,Armenia,2023,2,0.8591,40.0691,45.0382,41
Unknown,Saudi Arabia,2023,2,0.7865,23.8859,45.0792,42
Unknown,Panama,2023,2,0.6771,8.538,-80.7821,43
Unknown,Kosovo,2023,2,0.5249,42.6026,20.903,44
Manitoba,Canada,2023,2,0.5189,53.7609,-98.8139,45
Unknown,Angola,2023,2,0.4283,-11.2027,17.8739,46
Unknown,Mali,2023,2,0.4283,17.5707,-3.9962,47
Unknown,Lithuania,2023,2,0.3719,55.1694,23.8813,48
Unknown,Iceland,2023,2,0.3298,64.9631,-19.0208,49
Prince Edward Island,Canada,2023,2,0.3287,46.5107,-63.4168,50
Unknown,United Kingdom,2023,3,599.6,55.3781,-3.436,1
Unknown,"Korea, South",2023,3,469.6667,35.9078,127.7669,2
Unknown,France,2023,3,464.2,46.2276,2.2137,3
Unknown,Belgium,2023,3,264.3333,50.8333,4.4699,4
New South Wales,Australia,2023,3,166.2,-33.8688,151.2093,5
Unknown,Georgia,2023,3,96.95,42.3154,43.3569,6
Unknown,Romania,2023,3,95.0667,45.9432,24.9668,7
Unknown,Poland,2023,3,82.3833,51.9194,19.1451,8
Unknown,Chile,2023,3,80.9167,-35.6751,-71.543,9
Victoria,Australia,2023,3,70.0333,-37.8136,144.9631,10
Unknown,Switzerland,2023,3,49.0667,46.8182,8.2275,11
Unknown,Israel,2023,3,42.9667,31.0461,34.8516,12
Ontario,Canada,2023,3,33.1333,51.2538,-85.3232,13
Unknown,Mauritius,2023,3,30.1,-20.3484,57.5522,14
Unknown,Serbia,2023,3,29.2667,44.0165,21.0059,15
South Australia,Australia,2023,3,28.7333,-34.9285,138.6007,16
Unknown,Portugal,2023,3,27.7167,39.3999,-8.2245,17
Unknown,Armenia,2023,3,24.45,40.0691,45.0382,18
Unknown,Czechia,2023,3,21.8167,49.8175,15.473,19
Unknown,Trinidad and Tobago,2023,3,20.7333,10.6918,-61.2225,20
Unknown,Kuwait,2023,3,20.2,29.3117,47.4818,21
Tasmania,Australia,2023,3,19.5667,-42.8821,147.3272,22
Unknown,Slovenia,2023,3,18.35,46.1512,14.9955,23
Unknown,Sweden,2023,3,18.2,60.1282,18.6435,24
Unknown,South Africa,2023,3,17.1833,-30.5595,22.9375,25
Unknown,India,2023,3,15.0333,20.5937,78.9629,26
Unknown,Bahrain,2023,3,14.65,26.0275,50.55,27
Unknown,Argentina,2023,3,13.8667,-38.4161,-63.6167,28
Unknown,Slovakia,2023,3,12.55,48.669,19.699,29
Unknown,Barbados,2023,3,10.2,13.1939,-59.5432,30
Unknown,Estonia,2023,3,9.7333,58.5953,25.0136,31
Unknown,Bulgaria,2023,3,9.6833,42.7339,25.4858,32
Unknown,Denmark,2023,3,8.7833,56.2639,9.5018,33
Unknown,Panama,2023,3,7.6333,8.538,-80.7821,34
Unknown,Indonesia,2023,3,7.3833,-0.7893,113.9213,35
Martinique,France,2023,3,7.25,14.6415,-61.0242,36
Saskatchewan,Canada,2023,3,6.6,52.9399,-106.4509,37
New Brunswick,Canada,2023,3,6.05,46.5653,-66.4619,38
Unknown,Croatia,2023,3,5.5667,45.1,15.2,39
Unknown,Tunisia,2023,3,5.4667,33.8869,9.5375,40
Unknown,Pakistan,2023,3,5.1333,30.3753,69.3451,41
Nova Scotia,Canada,2023,3,5.0167,44.682,-63.7443,42
French Polynesia,France,2023,3,4.9,-17.6797,149.4068,43
Unknown,Malaysia,2023,3,4.7167,4.2105,101.9758,44
Unknown,Malta,2023,3,4.4333,35.9375,14.3754,45
Unknown,Jamaica,2023,3,4.4167,18.1096,-77.2975,46
Unknown,United Arab Emirates,2023,3,4.2,23.4241,53.8478,47
Unknown,Finland,2023,3,4.1833,61.9241,25.7482,48
Unknown,Mozambique,2023,3,3.8667,-18.6657,35.5296,49
Unknown,Saudi Arabia,2023,3,3.7167,23.8859,45.0792,50
